{
	"dpl_station_cryosleeper":{
		"defaultName":"Side Station", # used if name=null in addCustomEntity()
		"defaultRadius":90, # used if radius<0 in addCustomEntity()
		"customDescriptionId":"orbital_station_default",
		"icon":"graphics/icons/station0.png",
		"iconWidth":24,
		"iconHeight":24,
		"sprite":"graphics/stations/dpl_station_cryosleeper.png",
		"spriteWidth":110,
		"spriteHeight":150,
		"renderShadow":false, #true,
		"useLightColor":true,
		"showInCampaign":true,
		"showIconOnMap":true,
		"showNameOnMap":false,
		"scaleNameWithZoom":false,
		"scaleIconWithZoom":true,
		"tags":["station"],
		"layers":[STATIONS], # what layer(s) to render in. See CampaignEngineLayers.java for possible values
	},
	
	"dpl_Olympias":{
		"defaultName":"Olympias", # used if name=null in addCustomEntity()
		"defaultRadius":75, # used if radius<0 in addCustomEntity()
		"icon":"graphics/icons/station_broken.png",
		"iconWidth":24,
		"iconHeight":24,
		"sprite":"graphics/stations/dpl_Olympias.png",
		"spriteWidth":64,
		"spriteHeight":64,
		"showInCampaign":true,
		"showIconOnMap":true,
		"showNameOnMap":false,
		"scaleNameWithZoom":false,
		"scaleIconWithZoom":true,
		"customDescriptionId":"dpl_Olympias",
		"interactionImage":"graphics/illustrations/abandoned_station2.jpg",
		"tags":["has_interaction_dialog", "dpl_Olympias"],
		"layers":[STATIONS], # what layer(s) to render in. See CampaignEngineLayers.java for possible values
	},
}


