{
	"dpl_precursor":{
		"name":"Mysterious",
		"tilt":0, # left-right (>0 tilts to the left)
		"pitch":0, # towards-away from the viewer (>0 pitches towards)
		"rotation":-3, # degrees/second
		"planetColor":[255,255,255,255],
		"atmosphereThickness":0.25, # as fraction of radius.  Set to 0 for no atmosphere
		"atmosphereThicknessMin":12, #  minimum thickness in pixels
		"atmosphereColor":[225,175,125,155],
		"texture":"graphics/planets/precursor_planet.png",
		"icon":"graphics/warroom/icon_planet.png",
		"iconColor":[225,225,255,255],
		"isStar":false,
		"lightPosition":[12,-2,-3], # in planet radii.  Not used for stars.  z > 0 is above the playing field.
	},
}





