{
#collapseopen INTEL
	"dpl_ship_explosion":{"sounds":[
			{"file":"sounds/sfx_impacts/dpl_explosion_01.ogg","pitch":1,"volume":1.0},
		]
	},
	
	"dpl_heavy_energy":{"sounds":[
			{"file":"sounds/sfx_impacts/dpl_energy_hit_04.ogg","pitch":1,"volume":1.0},
		],
	},
	
	"dpl_collision_ships":{"sounds":[
			{"file":"sounds/sfx_impacts/dpl_collision_ship_vs_ship_01.ogg","pitch":1,"volume":1.0},
		],
	},
	
	"dpl_hit_heavy":{"sounds":[
			{"file":"sounds/sfx_impacts/dpl_gun_hit_heavy_01.ogg","pitch":1,"volume":1.0},
		],
	}

}