mission id,person id,tagsAll,tagsAny,tagsNotAny,tags,freq,min timeout,max timeout,min rep,max rep,importance,reqMissionAny,reqMissionAll,reqMissionNone,icon,plugin
#A list of misc vanilla and special missions that Eliza would offer,,,,,,,,,,,,,,,,
dpl_cheapCom,eliza_lovelace,,,,,10,30,60,INHOSPITABLE,,,,,,graphics/icons/missions/cheap_commodity.png,com.fs.starfarer.api.impl.campaign.missions.CheapCommodityMission
dpl_proCom,eliza_lovelace,,,,,10,30,60,INHOSPITABLE,,,,,,graphics/icons/missions/procurement.png,com.fs.starfarer.api.impl.campaign.missions.ProcurementMission
dpl_cpm,eliza_lovelace,,,,,10,120,180,WELCOMING,,,,,,graphics/icons/missions/commodity_production.png,com.fs.starfarer.api.impl.campaign.missions.CommodityProductionMission
dpl_cpc,eliza_lovelace,,,,,10,30,60,INHOSPITABLE,,,,,,graphics/icons/missions/custom_production.png,com.fs.starfarer.api.impl.campaign.missions.CustomProductionContract
dpl_psb,eliza_lovelace,,,,,10,30,60,FAVORABLE,,,,,,graphics/icons/missions/pirate_system_bounty.png,com.fs.starfarer.api.impl.campaign.missions.PirateSystemBounty
dpl_sShip,eliza_lovelace,,,,,10,30,60,INHOSPITABLE,,,,,,,com.fs.starfarer.api.impl.campaign.missions.SurplusShipHull
dpl_extr,eliza_lovelace,,,,,10,30,60,INHOSPITABLE,,,,,,graphics/icons/missions/extraction.png,com.fs.starfarer.api.impl.campaign.missions.ExtractionMission
dpl_mcb,eliza_lovelace,,,,priority,20,30,60,FAVORABLE,,,,,,graphics/icons/missions/military_bounty.png,data.scripts.campaign.intel.missions.cb.dpl_MilitaryCustomBounty
dpl_bidw,eliza_lovelace,,,,"priority, non_repeatable",,,,FAVORABLE,,,,,,graphics/icons/missions/prisoner_luddic.png,data.scripts.campaign.intel.missions.dpl_BeInDeepWater
dpl_jasp,eliza_lovelace,,,,"priority, non_repeatable",,,,FAVORABLE,,,,"dpl_bidw
sdtu",,graphics/icons/missions/dpl_jasp.png,data.scripts.campaign.intel.missions.dpl_JustAsPlanned
dpl_swts,eliza_lovelace,,,,"priority, non_repeatable",,,,FAVORABLE,,,,"dpl_bidw
GAatg",,graphics/icons/missions/visit_object.png,data.scripts.campaign.intel.missions.dpl_SwimmingWithSharks
dpl_lmtd,eliza_lovelace,,,,"priority, non_repeatable",,,,FAVORABLE,,,,dpl_bidw,,graphics/icons/missions/shuttle_vip.png,data.scripts.campaign.intel.missions.dpl_LightMeetsDark
dpl_ptrs,eliza_lovelace,,,,"priority, non_repeatable",,,,FAVORABLE,,,,"dpl_bidw
gaKA",,graphics/icons/missions/shuttle_outpost.png,data.scripts.campaign.intel.missions.dpl_PeaceThroughStrength
dpl_restitution,eliza_lovelace,,,,"priority, non_repeatable",,,,FRIENDLY,,,,dpl_ptrs,,graphics/icons/missions/dpl_restitution.png,data.scripts.campaign.intel.missions.dpl_Restitution
dpl_dtot,eliza_lovelace,,,,"priority, non_repeatable",,,,FRIENDLY,,,,dpl_jasp,,graphics/icons/missions/dpl_deathtotraitors.png,data.scripts.campaign.intel.missions.dpl_DeathToTraitors
dpl_mtship,eliza_lovelace,,,,"priority, non_repeatable",,,,FRIENDLY,,,,"dpl_restitution
dpl_dtot",,graphics/icons/missions/dpl_mtship.png,data.scripts.campaign.intel.missions.dpl_MoteShip
"# note: if person id, tagsAll, tagsAny, and tagsNotAny are all blank, the mission will not be offered by any contact without specific scripting to make it so (via BeginMission, etc). Otherwise, the mission may be offered by any contact that meets the conditions specified by these columns.",,,,,,,,,,,,,,,,