id,trigger,conditions,script,text,options,notes
# DPL fleet greeting lines,,,,,,
dpl_greetingFriendly,OpenCommLink,"$faction.id == dpl_phase_lab
$faction.friendlyToPlayer
","$menuState = fleetConvMain 0
FireAll PopulateOptions","""Acknowledging receipt of AIS code. Good to see you, $playerName. Burn bright, and may we make our lives better in this sector.""
OR
""Identity acknowledged. We welcome your assistance in our efforts to make this sector a better place. May we make our lives better in this sector!""
OR
""Greetings from the Phase Lab! I'm so happy to see amazing spacers like you around here! Burn bright, $playerName.""
OR
""Comms received, status friendly. Greetings from the Phase Lab navy, we are currently occupied by an important mission, so we can't chat with you. But we wish you all the best. Burn Bright $playerName!""
",,
dpl_greetingHostileWeaker,OpenCommLink,"$faction.id == dpl_phase_lab
$entity.isHostile
$entity.relativeStrength < 0
",$entity.ignorePlayerCommRequests = true 1,"""Hostile $shipOrFleet, stop your hostile actions immediately! Your fancy ships and guns will not scare us. As soldiers of the Phase Lab navy, my crews and I already swore to fight with our lives for our duty!""
OR
""We are from the Phase Lab, and hereby obeys domain navy doctrines! By the Domain Navy Articles of War, we shall engage the enemy forces and fight courageously!""
OR
""Do you think destroying us will bring everything to an end? It's merely just the beginning! We are prepared to fight to the end of our lives, and we hope you are prepared to face the consequences of your actions as well.""
",cutCommLink:Cut the comm link,
dpl_greetingHostileWeakerDefiant,OpenCommLink,"$faction.id == dpl_phase_lab
$entity.isHostile
$entity.relativeStrength < 0
$entity.weakerThanPlayerButHolding
",$entity.ignorePlayerCommRequests = true 1,"The Phase Lab $personRank looks grim but defiant. ""We will fight you to the last,"" $heOrShe says.
OR
""We fight and we die for the lives of the civilians, and for humanity!"" The comm-line cuts out.
OR
""We are fighting to protect the lives of civilians, what are you fighting for?"" The Phase Lab $personRank stares at you, then cuts the comm link.
",cutCommLink:Cut the comm link,
dpl_greetingHostileStronger,OpenCommLink,"$faction.id == dpl_phase_lab
$entity.isHostile
$entity.relativeStrength >= 0
",$entity.ignorePlayerCommRequests = true 1,"""Resistance to domain navy regulations is an act of insurrection and shall be punished accordingly. Surrender now or be met with force.""
OR
""Hostile $shipOrFleet, we appreciate you for giving us a chance to earn our glories through fighting for humanity. We hope you would fight to the very last like a naval officer would do."" The comm-line cuts out.
OR
""As a domain navy officer serving in the Phase Lab, I truly respect your courage. And I hope you could've chosen to protect the civilians, not to harm them.""
",cutCommLink:Cut the comm link,
dpl_greetingNeutral,OpenCommLink,"$faction.id == dpl_phase_lab
$faction.neutralToPlayer
","$menuState = fleetConvMain 0
FireAll PopulateOptions","""You have been scanned and identified, visitor. Welcome to the Phase Lab regulated space! Please comply with local legal rules, enjoy your trip, and Burn Bright!""
OR
""Are you from the core worlds? I'm serving in the Phase Lab, and I never got chance to visit those amazing planets. I heard that Volturn is a great place to produce lobsters, and I have to visit there one day, maybe after I retire. Burn Bright!""
OR
""Are you from the core worlds? That's so cool! I heard Gilead is like the pearl of the sector, and I really hope to live there! Maybe after I retire. Burn Bright!""
OR
The Phase Lab $personRank looks at you with surprise: ""Wow, a visitor from the core worlds! Nice to see you, do you like our innovative ships and weapons? You may buy some at Research Site V! As we lost connection with the domain navy, the Phase Lab decided to put some mature designs on market to support research cost. We have to go, see you in the space, and Burn Bright!""
",,
,,,,,,
# relationship level descriptions,,,,,,
dpl_relLevelCooperative,RelationshipLevelDesc,"$faction.rel == COOPERATIVE
$faction.id == dpl_phase_lab",FireAll RelLevelMoreDescription,"You are completely trusted and valued by the Phase Lab, green-lit by patrols and port authorities alike, and have considerable access to high-level officials. You are given much leeway, and may receive trade concessions and access to high-quality domain navy grade ships and munitions.",,
dpl_relLevelFriendly,RelationshipLevelDesc,"$faction.rel == FRIENDLY
$faction.id == dpl_phase_lab",FireAll RelLevelMoreDescription,"You are considered a member of the Phase Lab. The naval officers admire your deep understandings in the art of command, and the civilians believe that you are a legend in the sector, like Orcus Rao commanding ISS Black Star. Some of the senior researchers even believe that you may be eligible to view some classified research documents as you can be helpful to those projects. ",,
dpl_relLevelWelcoming,RelationshipLevelDesc,"$faction.rel == WELCOMING
$faction.id == dpl_phase_lab",FireAll RelLevelMoreDescription,"Your name is known to some high-level Phase Lab officials, and many Phase Lab spacers heard your story. You are welcomed to visit the military grade products of the Phase Lab, and you are free from some more tedious inspections.",,
dpl_relLevelFavorable,RelationshipLevelDesc,"$faction.rel == FAVORABLE
$faction.id == dpl_phase_lab",FireAll RelLevelMoreDescription,"The Phase Lab notices you as an outstanding person that could be helpful in protecting civilians, and their limited trust at least means  that you are free from some annoying and unnessary investigations.",,
dpl_relLevelNeutral,RelationshipLevelDesc,"$faction.rel == NEUTRAL
$faction.id == dpl_phase_lab",FireAll RelLevelMoreDescription,"The Phase Lab welcomes you as a core worlds visiter. And the Phase Lab people are excited to hear stories of the persean sector from you. You understand that most of them are cryosleepers or descendants of the cryosleepers that just arrived in the sector two decades ago, but their level of curiosity still surprise you.",,
dpl_relLevelSuspicious,RelationshipLevelDesc,"$faction.rel == SUSPICIOUS
$faction.id == dpl_phase_lab",FireAll RelLevelMoreDescription,"The Phase Lab finds your actions suspicious, but the level of suspicion is not enough for the Phase Lab officials to believe that it is fair to cancel your right of docking. You may still visit the Phase Lab stations and trade, but you have to prove that you are not against the Phase Lab's mission to protect civilians to win their trust back.",,
dpl_relLevelInhospitable,RelationshipLevelDesc,"$faction.rel == INHOSPITABLE
$faction.id == dpl_phase_lab",FireAll RelLevelMoreDescription,"You are not welcomed in the Phase Lab regulated space. The Phase Lab wants you to stay away from their planets, stations, and warships, to prevent you from causing unnessary casualties to the Phase Lab.",,
dpl_relLevelHostile,RelationshipLevelDesc,"$faction.rel == HOSTILE
$faction.id == dpl_phase_lab",FireAll RelLevelMoreDescription,"The Phase Lab believes that you are a danger to the lives of civilians in the persean sector, and you are considered the enemy against the Phase Lab. According to the Domain Navy Articles of War, all the Phase Lab warships shall engage you courageously whenever they see you, or their crews will face severe military criminal charges.",,
dpl_relLevelVengeful,RelationshipLevelDesc,"$faction.rel == VENGEFUL
$faction.id == dpl_phase_lab",FireAll RelLevelMoreDescription,"The Phase Lab believes that you are one of the greatest dangers to the lives of civilians in the persean sector, and now destroying you is one of the targets of highest importance to the Phase Lab Navy. Soon there will be a high-ranking Phase Lab naval officer leading a task force to hunt you down.",,
,,,,,,
,,,,,,
# DPL commission,,,,,,
dpl_CMSNTextRejectHostile,CMSNTextRejectHostile,$faction.id == dpl_phase_lab,,"""Is this some kind of joke? If you are who you say you are, you should surrender yourself and serve your sentences. The Phase Lab does not give commission to dangerous people who would harm civilians.""",,
dpl_CMSNTextHasOther,CMSNTextHasOther,$faction.id == dpl_phase_lab,,"""You're already commissioned by $theOtherCommissionFaction. We don't mind your help and we appreciate your interest in helping the Phase Lab. But are you sure they wouldn't be mad at you if you join us without even noticing them first?""",,
dpl_CMSNTextUnsuited,CMSNTextUnsuited,$faction.id == dpl_phase_lab,,"""We know too little about you, try to come back when you could prove your values to us through your good deeds. We wish you all the best!""",,
dpl_CMSNTextSuitedPart1,CMSNTextSuitedPart1,$faction.id == dpl_phase_lab,,"""Well, we've seen your efforts to help the civilians and your actions to help the Phase Lab, and hereby I declare that you are eligible for a Phase Lab Commission for now!

Accepting a commission with the Phase Lab is a serious matter, captain. As a large scale classified military research institute, we usually don't offer such commissions to anyone, and the domain navy will guard us with huge armadas from its battle groups like battle group XIV. But now is a special period, and we have to make special changes. By accepting such a commission, you have to obey the Domain Navy Articles of War under any circumstances. And above all, you will dedicate yourself to fighting to protect the civilians from the threats.

I must inform you that you have the right to resign your commission at any time, since you are not registered as a domain navy officer, and your commission is afterall, voluntary. Your service and your help during your commission will be remembered and appreciated. But all of the special accesses you gained using your identity during your commision will be canceled.",,
dpl_CMSNTextSuitedPart2,CMSNTextSuitedPart2,$faction.id == dpl_phase_lab,,"""By the special regulation rules of the Phase Lab of Domain of Man, I offer you commission as Auxiliary to the Phase Lab Navy, the special naval force from the Domain of Man Navy assigned to protect the personnels and peoperties of the Phase Lab of Domain of Man. Do you wish to sign on?""",,
dpl_CMSNTextWelcomePart1,CMSNTextWelcomePart1,$faction.id == dpl_phase_lab,,"""Excellent! Welcome to the service.""",,
dpl_CMSNTextWelcomePart2,CMSNTextWelcomePart2,$faction.id == dpl_phase_lab,,"""Is there anything else I can do for you, captain?""",,
dpl_CMSNTextChangeMind,CMSNTextChangeMind,$faction.id == dpl_phase_lab,,"""Noticed. The Phase Lab appreciates your interest in asking for a commission, and we understand that it is too heavy to carry the duty as required by the Domain Navy Article of War. We hope you all the best in your future!

Anything else I can do for you?""",,
dpl_CMSNResignAskToConfirm,CMSNResignAskToConfirm,$faction.id == dpl_phase_lab,,"""Noticed. The Phase Lab appreciates your service in the past, and let me address that your commission is voluntary, don't be afraid to terminate it if you are not comfortable of what we ask. But please also remember, it's not just a commission, it's the duty to protect the civilians, and to service the humanity. Now let me ask again, are you sure that you want to end your commission?""",,
dpl_CMSNResignConfirmed,CMSNResignConfirmed,$faction.id == dpl_phase_lab,,"""Good. I'm glad you made your decision, and you are one step closer to clarify what you really want. The Phase Lab remembers your service and your efforts. We truly wish you all the best in your future!""",,
dpl_CMSNResignCancelled,CMSNResignCancelled,$faction.id == dpl_phase_lab,,"""A good decision! We are glad that you end up deciding to stay with us, and to continue your service. Please let me know if there is anything else I may help with.""",,
,,,,,,
# Eliza at different attitudes,,,,,,
dpl_ElizaDefault,PickGreeting,"$id == eliza_lovelace
$rel < 0.02
","ShowImageVisual city_from_above
FireAll PopulateOptions","The office of the chief researcher is on the top of the highest tower on the colony. After 30 minutes of waiting and staring at a notice ""On Leave"", you almost fall asleep. But it is kind of nice to see the entire city from above. Finally someone greets you.

""Hello spacer,"" a young cadet chirps at you brightly, ""You've reached the office of the chief researcher, and rear admiral Eliza Lovelace. The chief researcher is not currently in her office, she might be in the station, the space labs, or somewhere else. I'm just kind to let you know, but you may stay here if you want to. Afterall rear admiral Lovelace is so nice that she opens the observation deck in front of her office to the public, and it's a quiet place to sit down and relax.""",,
dpl_ElizaGreeting,PickGreeting,"$id == eliza_lovelace
$rel > 0.01
$rel <0.11","ShowPersonVisual
FireAll PopulateOptions","Eliza opens the door, greets you with her soft voice: ""Hello, captain $playerName, it's so nice to see you! What brings you to me today?""",dpl_greeting_leave:Leave,
dpl_ElizaGreetingLeave,DialogOptionSelected,$option == dpl_greeting_leave,EndConversation,,,
dpl_ElizaAskRemnantCheck,PopulateOptions,"$id == eliza_lovelace
$rel > 0.06
!$market.dpl_asked_remnant",,,"dpl_ask_remnant:""Why don't you run AI inspections like Hegemony?""",
dpl_ElizaAskRemnant,DialogOptionSelected,$option == dpl_ask_remnant,"ShowPersonVisual
$market.dpl_asked_remnant = true","Eliza smiles:""Do you want the Phase Lab to? Though as a military research instute, we are supposed to follow instructions and get protections from the battle group XIV, we are not a part of Hegemony. The Hegemony is not even technically a battle group of the domain navy any more, they are a faction on their own, and we are a faction on our own for now.""","dpl_ask_remnant2:""Thanks, I prefer not. But shouldn't you follow the Hegemony as they represent battle group XIV?""",
dpl_ElizaAskRemnant2,DialogOptionSelected,$option == dpl_ask_remnant2,ShowPersonVisual,"Eliza laughs:""Well, if we were talking about ranks and logistic systems in the domain navy, the High Hegemon did not even get enlisted into the domain navy, as he was born after the collapse. So technically speaking, my rank of rear admiral is higher, and thus Hegemony should be under my command if both of us and the Hegemony decide to really follow the domain navy doctrines as battle group XIV would do."" ","dpl_ask_remnant3: ""I wonder how my friends in Hegemony would react if they know this.""",
dpl_ElizaAskRemnant3,DialogOptionSelected,$option == dpl_ask_remnant3,ShowPersonVisual,"Eliza cleared her throat, smiles calmly again:""Well, that was a joke, take your own risk if you decide to tell this 'fun fact' to anyone in Hegemony. Nonetheless, the Phase Lab has no interest in creating unnecessary conflicts in the core worlds, we respect other factions' power to make decisions, and those AI cores that fear the phase space are just useless to our mission on studying the phase space."" ","dpl_ask_remnant4: ""What about the remnants then, do you just leave them alone?""",
dpl_ElizaAskRemnant4,DialogOptionSelected,$option == dpl_ask_remnant4,ShowPersonVisual,"Eliza pauses, she looks serious, and continues:""We do respect other factions as they are collection of mankinds. But when it comes to the matter of remnant drone ships, we do exercise our power to eliminate such threats at any cost, and we are serious about it. We do have a known-to-public treaty with Hegemony COMSEC that makes them share informations of the drone ships, and cooperate with us to clean up those tin cans in the fringe worlds.""","dpl_ask_remnant_leave:""Thank you for your detailed explanation.""",
dpl_ElizaAskRemnantLeave3,DialogOptionSelected,$option == dpl_ask_remnant_leave,EndConversation,,,
dpl_ElizaAskLeaderCheck,PopulateOptions,"$id == eliza_lovelace
$rel > 0.01
!$market.dpl_asked_leader",,,"dpl_ask_leader:""The leader of a faction is chatting with me. I'm surprised!""",
dpl_ElizaAskLeader,DialogOptionSelected,$option == dpl_ask_leader,"ShowPersonVisual
$market.dpl_asked_leader = true","Eliza smiles:""I'm glad that you like my leading style. The Phase Lab is a large faction, but I believe it is important to maintain an open environment and communicate with people with honesty. And, captain $playerName, I can see that you are special, I believe you may help the Phase Lab, also help the sector!""","dpl_ask_leader_leave:""Thank you! I'll see what we can do.""",
dpl_ElizaAskLeaderLeave,DialogOptionSelected,$option == dpl_ask_leader_leave,EndConversation,,,
dpl_ElizaFavorable,PickGreeting,"$id == eliza_lovelace
$rel > 0.1
$rel < 0.31","ShowPersonVisual
FireAll PopulateOptions","Eliza opens the door, greets you with her soft voice: ""Hello, captain $playerName, how are you doing? It's so nice to see you! Please tell me how may I help you.""",dpl_favorable_leave:Leave,
dpl_ElizaFavorableLeave,DialogOptionSelected,$option == dpl_favorable_leave,EndConversation,,,
dpl_ElizaAskAgeCheck,PopulateOptions,"$id == eliza_lovelace
$rel > 0.1
!$market.dpl_asked_age",,,"dpl_ask_age:""Rear admiral Lovelace, you look so young, it's amazing.""",
dpl_ElizaAskAge,DialogOptionSelected,$option == dpl_ask_age,"ShowPersonVisual
$market.dpl_asked_age = true","Eliza smiles:""Thank you! I'm glad my appearance is not too outdated in the sector these days.""","dpl_ask_age2:""So how old are you?""
dpl_ask_age_leave2:""You are welcome.""",
dpl_ElizaAskAgeLeave2,DialogOptionSelected,$option == dpl_ask_age_leave2,EndConversation,,,
dpl_ElizaAskAge2,DialogOptionSelected,$option == dpl_ask_age2,ShowPersonVisual,"Eliza smiles with a slight embarrassment:""Captain $playerName, even as friends, I believe it is impolite to ask such questions, right?""","dpl_ask_age3:""So 30 then?""
dpl_ask_age_leave3:""Sorry, just a bad joke, please excuse me.""",
dpl_ElizaAskAgeLeave3,DialogOptionSelected,$option == dpl_ask_age_leave3,EndConversation,,,
dpl_ElizaAskAge3,DialogOptionSelected,$option == dpl_ask_age3,"AdjustRepPerson eliza_lovelace SUSPICIOUS -3
ShowImageVisual city_from_above","You saw a slight sadness in Eliza's eyes, but then she quickly recovers:""Captain $playerName, are you seriously guessing my... Please leave my office for now and come back when you are clear about what you want to discuss."" You leave Eliza's office",dpl_ask_age_leave4:Leave.,
dpl_ElizaAskAgeLeave4,DialogOptionSelected,$option == dpl_ask_age_leave4,EndConversation,,,
dpl_ElizaWelcoming,PickGreeting,"$id == eliza_lovelace
$rel > 0.3
$rel < 0.61","ShowPersonVisual
FireAll PopulateOptions","Eliza opens the door, greets you with her soft voice: ""Hi $playerName, how was your day? I'm so happy to see you again. What do you want to discuss with me today?""
OR
The observation deck is very quiet, you merely can hear anything. But you have a strange feeling like hearing a unclear sobbing:""How much more time do I need to endure, when am I released from such jail of loneliness..."" 

As you are trying to focus on these strange words, Eliza opens the door, greets you with her soft voice as usual, and invites you to take a seat. ""I must need more sleep, I'm hearing ghosts,"" you thought.",dpl_welcoming_leave:Leave,
dpl_ElizaWelcomingLeave,DialogOptionSelected,$option == dpl_welcoming_leave,EndConversation,,,
dpl_ElizaAskPersonCheck,PopulateOptions,"$id == eliza_lovelace
$rel > 0.3
!$market.dpl_asked_person",,,"dpl_ask_person:""Hi Eliza, you are so efficient in everything.""",
dpl_ElizaAskPerson,DialogOptionSelected,$option == dpl_ask_person,"ShowPersonVisual
$market.dpl_asked_person = true","Eliza smiles:""Thank you! I'm glad my efficiency is appreciated. You know, as the chief researcher of the Phase Lab, I need to be efficient, or nothing will run.""","dpl_ask_person2:""I mean, you are too efficient, are you an AI core?""
dpl_ask_person_leave2:""I'm glad to know that you are glad. Take care!""",
dpl_ElizaAskPersonLeave2,DialogOptionSelected,$option == dpl_ask_person_leave2,EndConversation,,,
dpl_ElizaAskPerson2,DialogOptionSelected,$option == dpl_ask_person2,ShowPersonVisual,"You saw a slight surprisingness in Eliza's eyes, but she quickly hides it and looks at you with a deep smile:""Since you mentioned, $playerName, you are actually more efficient than any officer I have ever seen since I was promoted to the rank of rear admiral. Do you believe that you are some AI core just because you are so outstanding? That's funny, innit?""","dpl_ask_person3:""So, gamma then? Alpha cores should be more arrogant.""
dpl_ask_person_leave3:""Well, it's just a joke. I'm glad you like my efficiency.""",
dpl_ElizaAskPersonLeave3,DialogOptionSelected,$option == dpl_ask_person_leave3,EndConversation,,,
dpl_ElizaAskPerson3,DialogOptionSelected,$option == dpl_ask_person3,"AdjustRepPerson eliza_lovelace SUSPICIOUS -3
$global.buyBaijiu = true 45
ShowImageVisual city_from_above","Eliza is amused, she smiles with a slight anger in her eyes: ""Good guess that the chief researcher who directs most of the researches in the Domain of Man Phase Lab that focus on properties and usages of the phase space is role-played by some useless AI cores that cannot even stay a single minute in the phase space. And the Domain Navy would be so smart to hire a gamma core to be their rear admiral. 

$playerName, why don't you board your fancy space ships and escort some transport fleet all the way to eventide. You can buy some Baijiu in the space bar there, it's good, and even the High Hegemon loves it. Probably your words after you had some Baijiu would make more sense than what you are saying for now.""",dpl_ask_person_leave4:Leave.,
dpl_ElizaAskPersonLeave4,DialogOptionSelected,$option == dpl_ask_person_leave4,EndConversation,,,
,,,,,,
dpl_EventideBaijiuStart,DialogOptionSelected,"$option == marketVisitBar
$global.buyBaijiu
$market.id == eventide",SetOptionColor dpl_ask_Baijiu buttonShortcut,,dpl_ask_Baijiu: Ask the bar owner about Baijiu,
dpl_EventideBaijiu2,DialogOptionSelected,$option == dpl_ask_Baijiu,,"""Ohh, Baijiu! It's the best selling liquor at eventide, everyone loves it."" the bar owner looks very proud, and says: ""Why don't you order a shot, and try it?""",dpl_try_Baijiu: Buy a shot and try it,
dpl_EventideBaijiu3,DialogOptionSelected,$option == dpl_try_Baijiu,,"The bar owner asks: ""How was it, did you like the taste?""","dpl_try_Baijiu2: ""It was good, can I buy a bottle of Baijiu?""",
dpl_EventideBaijiu4,DialogOptionSelected,$option == dpl_try_Baijiu2,"SetTextHighlights 500
DoCanAffordCheck 500 dpl_pay_fee false","""You are lucky, young man,"" the bar owner laughs: ""I've got one last bottle of Baijiu for today. I'll sell it to you at 500 credits, no bargain""","dpl_pay_fee: pay 500 credits
dpl_think_eventide: ""Let me think about it"" (Leave)",
dpl_EventideBaijiu5,DialogOptionSelected,$option == dpl_pay_fee,"AddTextSmall ""Bought a bottle of Baijiu"" highlight
$global.getBaijiu = true 45
$global.buyBaijiu = false
AddCredits -500","You bought a bottle of Baijiu, and you stored it in your office in the ship island instead of the storage. You want to keep it for yourself, or give it to some friends who recommended this liquor to you. Anyway, you decide not to sell it.",dpl_leave_bar_eventide: Leave,
dpl_EventideBaijiuLeave,DialogOptionSelected,$option == dpl_think_eventide,,"""Take your time."" The bar owner says: ""And come back soon if you still want this bottle of Baijiu.""",dpl_leave_bar_eventide: Leave,
dpl_EventideBaijiuFinish,DialogOptionSelected,$option == dpl_leave_bar_eventide,EndConversation,,,
dpl_ElizaBaijiuCheck,PopulateOptions,"$id == eliza_lovelace
$global.getBaijiu",,,"dpl_got_Baijiu: ""Hey Eliza, I'm back with the Baijiu, it's really good.""",
dpl_ElizaAskBaijiu,DialogOptionSelected,$option == dpl_got_Baijiu,ShowPersonVisual,"Eliza looks surprised: ""What? Did you really... Don't tell me that you actually went to Eventide.""","dpl_give_Baijiu: ""Oh yeah! I actually bought a bottle, for you!""",
dpl_ElizaGiveBaijiu,DialogOptionSelected,$option == dpl_give_Baijiu,"AddTextSmall ""Lost a bottle of Baijiu"" highlight
AdjustRepPerson eliza_lovelace COOPERATIVE 5
$global.getBaijiu = false
ShowPersonVisual","Eliza smiles shyly: ""You know, you don't have to... Well, though I do not drink alcohol, I would still like to keep this bottle of Baijiu, as a mark to our friendship."" She pauses, trying to organize language, then smiles: ""Well, I don't know what to say, but I do want to appreciate you! Thank you for caring about what I said, captain $playerName.""","dpl_give_Baijiu_leave: ""You are welcome!""",
dpl_ElizaGiveBaijiuLeave,DialogOptionSelected,$option == dpl_give_Baijiu_leave,EndConversation,,,
,,,,,,
dpl_ElizaFriendly,PickGreeting,"$id == eliza_lovelace
$rel > 0.6
$rel < 0.81","ShowPersonVisual
FireAll PopulateOptions","Eliza opens the door, she looks surprised and relaxed to see you. She greets you with her soft voice: ""Hi $playerName, I'm so happy to see you. Please make yourself comfortable, let me get some tea and we can start chatting.""

Her voice sounds tired, and is not as energetic as you know she always was.
OR
The observation deck is very quiet, you merely can hear anything. But you have a strange feeling like hearing a unclear sobbing:""I'm breaking apart, when can I end this service and loneliness of eternity...""

As you are trying to focus on these strange words, Eliza opens the door, greets you with her soft voice as usual. She invites you to take a seat, but you can hear that she is tired. ""I must need more sleep, I'm hearing ghosts,"" you thought.",dpl_friendly_leave:Leave,
dpl_ElizaFriendlyLeave,DialogOptionSelected,$option == dpl_friendly_leave,EndConversation,,,
dpl_ElizaAskWellCheck,PopulateOptions,"$id == eliza_lovelace
$rel > 0.6
!$market.dpl_asked_well",,,"dpl_ask_well:""Eliza, are you OK?""",
dpl_ElizaAskWell,DialogOptionSelected,$option == dpl_ask_well,"ShowPersonVisual
$market.dpl_asked_well = true","Eliza smiles, and looks touched, she appreciates you with her soft voice: ""Thank you, $playerName, as you can see, I always get so much things going on, and I would forget my own tiredness. I'm sorry that I was not able to inhibit it well enough in front of someone I truly trust. But I'm so happy that you would notice, and choose to care for my well-being.""","dpl_ask_well2:""Eliza, you can relax yourself here.""
dpl_friendly_leave2:""Take care then, best wishes!""",
dpl_ElizaFriendlyLeave2,DialogOptionSelected,$option == dpl_friendly_leave2,EndConversation,,,
dpl_ElizaAskWell2,DialogOptionSelected,$option == dpl_ask_well2,ShowPersonVisual,"Eliza smiles, and looks touched. She gazes at you, tries to say something, but quickly she looks downward to avoid your eyes, like she memorizes some pitiful and unavoidable destinies.","dpl_ask_well3:""Eliza, please hear, that I would always support you.""
dpl_friendly_leave3:""Take care, let's discuss everything next time.""",
dpl_ElizaFriendlyLeave3,DialogOptionSelected,$option == dpl_friendly_leave3,EndConversation,,,
dpl_ElizaAskWell3,DialogOptionSelected,$option == dpl_ask_well3,"AdjustRepPerson eliza_lovelace COOPERATIVE 5
ShowPersonVisual","Eliza calms her emotions, she smiles, and appreciates you with her soft voice: ""I know I could always trust you, $playerName. Thank you for choosing to support me. I feel much less tired and more energetic now.""","dpl_ask_well_leave4:""Take care! I'm happy that you feel better now!""",
dpl_ElizaFriendlyLeave4,DialogOptionSelected,$option == dpl_well_leave4,EndConversation,,,
dpl_ElizaCooperative,PickGreeting,"$id == eliza_lovelace
$rel > 0.8
$rel < 1","ShowPersonVisual
FireAll PopulateOptions","Eliza opens the door, you can see the happiness on her face. She greets you with her soft voice: ""O Captain, My Captain! I hope you could come and visit more often. Please take a seat, have some tea, and tell me what news you have for me!""
OR
Eliza opens the door, she looks happy to see you. She greets you with her soft voice: ""Oh captain $playerName! Please come in, enjoy some tea! I hope you could stay longer, but let's get talking. """,dpl_cooperative_leave:Leave,
dpl_ElizaCooperativeLeave,DialogOptionSelected,$option == dpl_cooperative_leave,EndConversation,,,
dpl_ElizaAskLuddCheck,PopulateOptions,"$id == eliza_lovelace
$rel > 0.8
!$market.dpl_asked_luddic",,,"dpl_ask_luddic:""Hi Eliza, why do you like tea that much? Are you luddic?""",
dpl_ElizaAskLudd,DialogOptionSelected,$option == dpl_ask_luddic,"ShowPersonVisual
$market.dpl_asked_luddic = true","Eliza smiles, and she says: ""Well, captain $playerName, tea calms people down, helps people to stay rational, and prevents them from getting lost in the river of blurred memories over long, long times. I need this calming from tea. For luddic belief, I like its caring nature for people's well-being, and I'm actually quite interested in it. I dream to go through the pilgrim's path one day."" 

She sighs, and continues: ""Maybe after my retirement in the unreachable future.""","dpl_ask_luddic2:""That's, surprising. Do you ever think that phase technology is a sin?""
dpl_cooperative_leave2:""OK, thank you, I'm not that interested in luddic faith. Let's discuss something else.""",
dpl_ElizaCooperativeLeave2,DialogOptionSelected,$option == dpl_cooperative_leave2,EndConversation,,,
dpl_ElizaAskLudd2,DialogOptionSelected,$option == dpl_ask_luddic2,ShowPersonVisual,"Eliza shows her deep smile: ""I still remembered a very old saying, far before domain was ever founded, that goes 'Now I Am Become Death, the Destroyer of Worlds.' It was the comment made by the leading scientist of a team that first created explosion using nuclear fissions. And now, we are using anti matters to travel in hyper space, and even the most faithful luddic knight would have to agree that he is getting a 'Destroyer of Worlds' running in his space engine every day. The antimatter fuel is far more powerful than nuclear fission anyway, and we do use it in our engine.""","dpl_ask_luddic3:""Nice story and some good old histories, but is it a sin or not?""
dpl_cooperative_leave3:""Those histories are boring, let's get to something else.""",
dpl_ElizaCooperativeLeave3,DialogOptionSelected,$option == dpl_cooperative_leave3,EndConversation,,,
dpl_ElizaAskLudd3,DialogOptionSelected,$option == dpl_ask_luddic3,ShowPersonVisual,"Eliza looks serious and says: ""Captain $playerName, I truly believe that it depends on whether we know it well enough or not. If we simply accept something created by some AI cores, and we just apply it without rigorously justifying those ferry tales in the first place, then not far will we be guided into Molloch's wide open mouth. But if we have solid and stable understanding of technologies that we know how it works inside out, such as anti matter fuel and hyper engines, then these knowledge will be our hammers and armors to hunt Molloch down.""","dpl_ask_luddic4:""Wow, Eliza, chill out. Let's leave hammers aside for now.""
dpl_cooperative_leave4:""Thank you, but I'm just not that luddic, let's end this topic.""",
dpl_ElizaCooperativeLeave4,DialogOptionSelected,$option == dpl_cooperative_leave4,EndConversation,,,
dpl_ElizaAskLudd4,DialogOptionSelected,$option == dpl_ask_luddic4,ShowPersonVisual,"Eliza sighs, but she says with hope: ""Maybe what we do and what we believe are hard to be understood by others. But please hear me. The development of science and technology is a grand expedition of mankind, it is an expedition of great courage and determined belief, filled by sweats, tears, and even lives. We shall not fall into the blind faith in claims with no foundations, nor shall we stop marching due to the fear to the unknown. We will try our best to understand the universe in rigorous ways, and then may we create more hammers and armors against Molloch that lies in the dark.""

Eliza pauses for a bit, then continues: ""And in this great picture, the Phase Lab is a battle group, fighting in a corner of the battlefield called the phase space. So, we are different from some irresponsible cooperates that almost become slaves of AI. We are doing rigorous scientific works, and trying to extend the scope of well-understood technologies of mankind. this should not be a sin.""","dpl_ask_luddic5:""OK, I get it. You are truly idealistic.""",
dpl_ElizaAskLudd5,DialogOptionSelected,$option == dpl_ask_luddic5,"AdjustRepPerson eliza_lovelace COOPERATIVE 5
ShowPersonVisual","Eliza looks satisfied: ""Anyway, captain $playerName, thank you for listening to my speech that is a little bit long. But I hope that you understand my point.""","dpl_ask_luddic_leave6:""Thank you! Your speech is interesting and inspiring.""",
dpl_ElizaCooperativeLeave6,DialogOptionSelected,$option == dpl_ask_luddic_leave6,EndConversation,,,
,,,,,,
# meet Eliza,,,,,,
dpl_ElizaIntro,OpenInteractionDialog,"$global.daysSinceStart > 90
$id == dpl_research_site_v
$faction.friendlyToPlayer
$faction.id == dpl_phase_lab
!$global.rejectedEliza
!$market.dpl_metEliza",ShowDefaultVisual,"As your $shipOrFleet lands at the parking zone of the Research Site V, you heard a voice with no course. It's like from the deepest cornor of your soul, or from the far end of the universe. It's like a music, but you can hear it at slight different levels of intensity as you move around. You decide to:","dpl_met_eliza_silence:Ignore this strange music. (Leave)
dpl_met_eliza_reply:Try to follow the music, find where is the instrument player.",
dpl_ElizaLeave,DialogOptionSelected,$option == dpl_met_eliza_silence,EndConversation,,,
dpl_ElizaIntro2,DialogOptionSelected,$option == dpl_met_eliza_reply,ShowImageVisual abandoned_station3,"As you chase for the music, you find that the music originates from an abandoned storage, only a young girl, a phase coil, and a set of antennas are in there. It looks like the girl is playing etherphone, and no voice is made. But you can still hear the music, strange. You decide to:","dpl_met_eliza_leave2:Leave the girl alone. (Leave)
dpl_met_eliza_reply2:Stay and listen to listen to the music.",
dpl_ElizaLeave2,DialogOptionSelected,$option == dpl_met_eliza_leave2,"EndConversation
$global.rejectedEliza = true 60",,,
dpl_ElizaIntro3,DialogOptionSelected,$option == dpl_met_eliza_reply2,,"The young girl stopped playing, and the music disappears. She says at a soft voice: ""Glad to meet you, citizen. Please stop at where you are, do not get closer. Now, what brings you to this abandoned storage?""","dpl_met_eliza_leave3:Make an excuse to leave. (Leave)
dpl_met_eliza_reply3:""I'm here to listen to your music, it's good.""",
dpl_ElizaLeave3,DialogOptionSelected,$option == dpl_met_eliza_leave3,"EndConversation
$global.rejectedEliza = true 60",,,
dpl_ElizaIntro4,DialogOptionSelected,$option == dpl_met_eliza_reply3,,"You can't see the young girl's face, but you can hear her surprise. And she asks you, can you hear anything when a phase coil is active?","dpl_met_eliza_leave4:""No I can't, just a joke."" (Leave)
dpl_met_eliza_reply4:""Yes, It's like someone singing. Though the voice is low.""",
dpl_ElizaLeave4,DialogOptionSelected,$option == dpl_met_eliza_leave4,"EndConversation
$global.rejectedEliza = true 60",,,
dpl_ElizaIntro5,DialogOptionSelected,$option == dpl_met_eliza_reply4,ShowPersonVisual true eliza_lovelace,"""Great!"" The young girl sounds very excited, she shakes your hand and asks your name. You can finally see her face, she has a pair of beautiful purple eyes, and you feellike you could see galaxy when you make eye contacts with her.","dpl_met_eliza_reply5:""$playerName, Captain $playerName.""",
dpl_ElizaIntro6,DialogOptionSelected,$option == dpl_met_eliza_reply5,"AdjustRepPerson eliza_lovelace COOPERATIVE 5
$market.dpl_metEliza = true 
AddPotentialContact eliza_lovelace","""Good, Captain $playerName. Our short meeting shall be kept as a secret, but I look forward to seeing you in my office. You have some extraordinary sensitivity to phase space, and the Phase Lab is very interested in that. I'm Eliza Lovelace, rear admiral and chief researcher Eliza Lovelace.""",dpl_met_eliza_leave6:Leave,
dpl_ElizaLeave6,DialogOptionSelected,$option == dpl_met_eliza_leave6,EndConversation,,,
,,,,,,
# custom military bounty,,,,,,
dpl_mcbBlurb,dpl_mcb_blurb,$id == eliza_lovelace,,"""Some new targets have been reported to my office,"" $heOrShe says with a sigh. ""If you could take care of some of these, it'll greatly reduce my workload of organizing task forces to clean them up.""",,
dpl_mcbOfferOption,dpl_mcb_option,$id == eliza_lovelace,,,dpl_mcb_start:Ask about what are the targets.,
dpl_mcbOfferTextContact,DialogOptionSelected,$option == dpl_mcb_start,"$missionId = dpl_mcb
$option = dpl_mcb_showOptions 0
FireBest DialogOptionSelected","""We've got a few options here."" $Post $personLastName pulls up a shared display with a table of intel reports. ""I will organize the fleets to take care of whatever you decide to leave alone. So it's really your pick of the bunch. What sort of job do you think you can handle?""",,
dpl_mcbLowSel,DialogOptionSelected,$option == dpl_mcb_low,"$dpl_mcb_difficulty = LOW 0
FireBest MCBShowBounty",,,
dpl_mcbNormalSel,DialogOptionSelected,$option == dpl_mcb_normal,"$dpl_mcb_difficulty = NORMAL 0
FireBest MCBShowBounty",,,
dpl_mcbHighSel,DialogOptionSelected,$option == dpl_mcb_high,"$dpl_mcb_difficulty = HIGH 0
FireBest MCBShowBounty",,,
dpl_MCBShowBounty,MCBShowBounty,,Call $dpl_mcb_ref showBountyDetail,,dpl_mcb_showIntel:Continue,
dpl_MCBShowBountyShowShips,DialogOptionSelected,$option == dpl_mcb_showIntel,Call $dpl_mcb_ref showBountyAssessment,,"contact_accept:Accept
contact_decline:Decline
dpl_mcb_showOptions:Ask about one of the other targets",
dpl_mcbGoBackSel,DialogOptionSelected,$option == dpl_mcb_showOptions,"# removes map
ShowPersonVisual",,"dpl_mcb_low:""I'd prefer a more manageable target.""
dpl_mcb_normal:""Whatever you've got works for me.""
dpl_mcb_high:""I can handle a more challenging target.""
contact_decline:""Maybe another time."" (decline)",
,,,,,,
# custom bounty offer details - military,,,,,,
dpl_CBPirate,CBPirateOfferDesc,$id == eliza_lovelace,Highlight $bcb_dist $bcb_reward $bcb_days,"$HeOrShe taps on one of the entries to enlarge the report. A face scowls at you from an arrest record holo.

""This one's a pirate hiding out in the $bcb_systemName, that's $bcb_dist light-years away. Had a falling out with an associate who talked. That gave us enough to confirm the intel.""

""The reward is $bcb_reward credits and you'd have $bcb_days days to carry out the job. How about it?""",,
dpl_CBPather,CBPatherOfferDesc,$id == eliza_lovelace,Highlight $bcb_dist $bcb_reward $bcb_days,"""Ah, this one is a piece of work,"" $heOrShe brings up a case file. ""Luddic Path operative. Connected to a few bombings, piracy, the usual. $bcb_TargetHeOrShe is hiding out in the $bcb_systemName, that's a $bcb_dist light-year hop.""

""Usually some random pathers would not get my attention. But this individual dircted several attacks on the Phase Lab's research facilities, and the I cannot allow them to disrupt our research progress. The job's reward is $bcb_reward credits. You'd have $bcb_days days to take  $bcb_targetHimOrHer out. Interested?""",,
dpl_CBDeserter,CBDeserterOfferDesc,$id == eliza_lovelace,Highlight $bcb_dist $bcb_reward $bcb_days,"""I'd take this one on myself if I could leave this station and command a fleet as I used to,"" $heOrShe makes an expression like $heOrShe bit into something sour, ""$bcb_targetName is a betrayer, a deserter from $thePersonFaction. An example has to be made. We know $bcb_targetHeOrShe is hiding out in the $bcb_systemName, which is $bcb_dist light-years from here.""

""There's a reward of $bcb_reward credits and it'd need to be done within $bcb_days days. Are you up for it?""",,
dpl_CBMerc,CBMercOfferDesc,$id == eliza_lovelace,Highlight $bcb_dist $bcb_reward $bcb_days,"""This one,"" $heOrShe looks irritated, ""These desperados nowadays really have a lot of nerve to blackmail the Phase Lab. An elite mercenary... well, I cannot tell you all the details. Let's just say $bcb_targetHeOrShe tried to blackmail someone, and they threatened that poor person with some words very, very, improper.""

$heOrShe sighs: ""They are so lucky, or maybe unlucky, that their intimidations actually scare many committee board members. Now the committee marks him as a threat to the Phase Lab's safety, and pressures me to deal with this threat.""

$heOrShe then continues: ""$bcb_TargetHeOrShe is hiding out in the $bcb_systemName - that's $bcb_dist light-years away. The reward is $bcb_reward credits - lots of hazard pay - and with good reason. Don't take $bcb_targetHimOrHer lightly. Time to complete is $bcb_days days."" 

$HeOrShe looks at you with grim resolution. ""Just so you know, you'd not be the first to try this job. Never heard back from the security department after I ordered them to send a patrol to hunt this criminal down. There's no shame if you want to stay away from this one. Maybe the committee not exaggerating, and I really need to organize a task force for this threat.""",,
dpl_CBDerelict,CBDerelictOfferDesc,$id == eliza_lovelace,Highlight $bcb_dist $bcb_reward $bcb_days,"""This one is quite annoying. Though we are not quite interested in this, the Hegemony COMSEC requires us to take some actions according to our treaty with them."" You note the glow of REDACTED blocks peppered across the briefing as $personName scrolls through details. ""A fleet of Domain-era derelict drone warships was spotted in the $bcb_systemName, $bcb_dist light-years from here.""

""They're usually dormant, guarding some probe that fell off the records. Catches surveyors by surprise. This is different."" $HeOrShe sighs. ""The Hegemony COMSEC thinks that a fleet of these things wandering off on their own is terrifying for some reasons, and requires us to help destroy those drones according to our treaty. I should've put a limit that we would only help with those blue drone ships when I signed that treaty...""

""Now we have to take actions. The reward is $bcb_reward credits - higher than normal, both for the hazard and for your discretion."" $Rank $personLastName smiles with black humor, ""We don't want to leak the classified information to civilians, ha-ha.""

""You'll take it, right? We need to conclude the matter within $bcb_days days.""",,
dpl_CBRemnant,CBRemnantOfferDesc,$id == eliza_lovelace,Highlight $bcb_dist $bcb_reward $bcb_days,"""This one is serious, the information is transferred from Hegemony COMSEC by our treaty with Hegemony about cooperations on cleaning up drone ships."" You note the glow of REDACTED blocks peppered across the briefing as $personName scrolls through details. ""A fleet of Remnant drone warships was spotted in the $bcb_systemName, only $bcb_dist light-years from here.""

""These drone ships must be cleaned up, they took many lives away from the Phase Lab when we were traveling to the sector,""  $heOrShe takes a pause to calm down, and continues: ""The others might be ignorant to these threats, but we shall never forget.""

""I would sincerely appreciate you if you could offer help. It takes too long for us to organize a fleet to travel that far and eliminate that annoying drone fleet. The reward is $bcb_reward credits - higher than normal, both for the hazard and for your discretion. I, representing the Phase Lab, want this done within $bcb_days days.""",,
dpl_CBRemnantStation,CBRemnantStationOfferDesc,$id == eliza_lovelace,Highlight $bcb_dist $bcb_reward $bcb_days,"""This one would not be easy, this is a target of high priority marked by the Hegemony COMSEC, transferred to us by our treaty about cooperations on cleaning up drone ships,"" $heOrShe watches you carefully. ""A long range Hegemony patrol picked up a probe-drop in the $bcb_systemName, $bcb_dist light-years distant. This is what it found.""

$Rank $personLastName pulls up a shared display, swiping through REDACTED warnings and biometric confirmations. You see the grainy image of a large orbital structure, subsections highlighted in false color and labeled by some Phase Lab researcher and some Hegemony analyst.  ""A functional drone station - 'Remnant Station' is what Hegemony calls them. The Hegemony acts too slowly due to their bureaucracy. But the Phase Lab cannot ignore any threat related to the droneships."" With a swipe the $rank dismisses the image.

""I want these tin cans to be removed in no time, they brought disasters to the Phase Lab, twice,"" $heOrShe takes a pause to calm down. ""The reward is $bcb_reward credits for hazard and discretion. I need this threat getting cleaned up in $bcb_days days. Do you want to lend a hand?""",,
,,,,,,
# surplus ship hull,,,,,,
dpl_sShipBlurb,dpl_sShip_blurb,,,"""I have a surplus $sShip_hullSize available. Military-grade hull, good quality. I thought you might be interested, and I saved it for you.""",,
dpl_sShipOfferOption,dpl_sShip_option,,,,dpl_sShip_start:Ask about the $sShip_hullSize,
dpl_sShipOfferTextContact,DialogOptionSelected,$option == dpl_sShip_start,"$missionId = dpl_sShip
SetTextHighlights $sShip_price","""It's a $sShip_hullClass $sShip_hullSize in good condition. Please let me know if you don't like this hull, and I can give it back to the lab production department. But I just want to make the offer to you first- $sShip_price credits for the ship.""","dpl_sShip_look:Ask for detailed info on the ship
contact_decline:Decline",
dpl_sShipLookAtFreighter,DialogOptionSelected,$option == dpl_sShip_look,"Call $sShip_ref showShip
DoCanAffordCheck $sShip_price contact_accept false",$personName taps a few keys to summon the ship specifications for your examination.,"contact_accept:Buy the $sShip_hullSize for $sShip_price credits
contact_decline:Decline",
dpl_sShipPostAccept,ContactPostAccept,$missionId == sShip,"ShowPersonVisual
RemoveCommodity credits $sShip_price
AddShip $sShip_member
Call $sShip_ref2 repSuccess
Call $sShip_ref2 addContacts",,,
,,,,,,
# Combat Extraction mission,,,,,,
dpl_extrBlurb1,dpl_extr_blurb,$extr_variation == COLONY,,"""One of our agents is in trouble, and I need someone to extract him. Our newly founded intelligence department got ideas about where he is. The Phase Lab cannot act publically to complete such mission as we respect other factions' power of regulations in their space. So I need some independent friends to do it for me, and if you may lend a hand, it would be a big favor to our intelligence department.""",,
dpl_extrOfferOption1,dpl_extr_option,$extr_variation == COLONY,,,dpl_extr_start:Ask about the 'atypical extraction' mission involving a major faction,
dpl_extrBlurb2,dpl_extr_blurb,$extr_variation == PIRATE_BASE,,"""One of our agents is in trouble, and I need someone to extract him. Our newly founded intelligence department got ideas about where he is. I cannot send a fleet to complete such mission as the committee does not agree that an agent worths the cost. So I need some independent friends to do it for me, and if you may lend a hand, it would be a big favor to our intelligence department.""",,
dpl_extrOfferOption2,dpl_extr_option,$extr_variation == PIRATE_BASE,,,dpl_extr_start:Ask about the 'unconventional extraction' mission involving pirates,
dpl_extrBlurb3,dpl_extr_blurb,$extr_variation == LUDDIC_PATH_BASE,,"""One of our agents is in trouble, and I need someone to extract him. Our newly founded intelligence department got ideas about where he is. I cannot send a fleet to complete such mission because the committee does not agree that an agent worths the danger of damaging our relations with religious groups. So I need some independent friends to do it for me, and if you may lend a hand, it would be a big favor to our intelligence department.""",,
dpl_extrOfferOption3,dpl_extr_option,$extr_variation == LUDDIC_PATH_BASE,,,dpl_extr_start:Ask about the 'unconventional extraction' mission involving Pathers,
dpl_extrOfferTextContact1,DialogOptionSelected,"$option == dpl_extr_start
$extr_variation == COLONY","$missionId = dpl_extr
SetTextHighlightColors h $extr_factionColor h
Highlight $extr_reward $extr_marketFaction $extr_marines
Call $extr_ref showMap ""Target: $extr_marketName""","""Captain $playerName,"" $heOrShe says. ""As I said, we need the agent extracted from $extr_marketName. The intelligence department is willing to make a payment of $extr_reward credits for a successful mission.""

""The oppo may be expecting you. I suggest you go in quiet because, as you know, it's $extr_marketFactionArticle $extr_marketFaction colony. The situation is enough of a mess as it is."" 

$HeOrShe pauses a moment. Some hidden frustration? ""the intelligence department does, however, have a fair piece of intel on their defensive capabilities,"" $personLastName says, fingers moving rapidly to transfer a datafile for your inspection - a detailed tactical report.

You quickly review the contents and estimate that you'd need around $extr_marines marines to carry off the operation.","contact_accept:Accept
contact_decline:Decline",
dpl_extrOfferTextContact2,DialogOptionSelected,"$option == dpl_extr_start
$extr_variation == PIRATE_BASE","$missionId = dpl_extr
SetTextHighlightColors h $extr_factionColor h
Highlight pirate $extr_reward $extr_marines
Call $extr_ref showMap ""Target: $extr_marketName""","""One of our agents infiltrated the retinue of a pirate warlord $extr_marketOnOrAt $extr_marketName. If the committee agrees, I would be more than happy to organize a fleet and wipe those audacious pirates off from this universe. But they don't, and we have to find ways to extract our poor agent. I believe you are best suited to carry out this mission."" $HeOrShe sighs, ""The intelligence department does not have good ideas about getting this done in short time. So I come to you. Retrieve the agent and the intelligence department will pay you $extr_reward credits.""

With a few taps at $hisOrHer console you receive an incoming data stream, ""Intel on the pirates' defenses. We won't be sending you in blind, at least.""

You quickly review the intel and estimate that you'd need around $extr_marines marines to carry off this operation.","contact_accept:Accept
contact_decline:Decline",
dpl_extrOfferTextContact3,DialogOptionSelected,"$option == dpl_extr_start
$extr_variation == LUDDIC_PATH_BASE","$missionId = dpl_extr
SetTextHighlightColors $extr_factionColor h h
Highlight ""Pathers"" $extr_reward $extr_marines
Call $extr_ref showMap ""Target: $extr_marketName""","""One of our agents infiltrated a militant Luddic sect $extr_marketOnOrAt $extr_marketName."" $HeOrShe meets your eyes, ""Yes, Pathers.  If the committee agrees, I would be more than happy to organize a fleet and wipe those ruthless terrorists off from this universe. But they don't, and we have to find ways to extract our poor agent. I believe you are best suited to carry out this mission."" $HeOrShe sighs, ""The intelligence department does not have good ideas about getting this done in short time. So I come to you. Retrieve the agent and the intelligence department will pay you $extr_reward credits.""

With a few taps at $hisOrHer console you receive an incoming data stream, ""Intel on the Pathers' defenses. We won't be sending you in blind, at least.""

You quickly review the intel and estimate that you'd need around $extr_marines marines to carry off this operation.","contact_accept:Accept
contact_decline:Decline",
# interaction with target market,,,,,,
dpl_extrOpenMarket1,OpenInteractionDialog,"$market.extr_target score:1000
Call $market.extr_ref updateData
$extr_variation == COLONY
!$extr_addedRaidObjective","AddRaidObjective genericIcon ""Perform extraction operation"" $extr_danger 3000 extrRaidFinished
$extr_addedRaidObjective = true 0
FireBest OpenInteractionDialog",,,
dpl_extrOpenMarket2,OpenInteractionDialog,"$market.extr_target score:1000
Call $market.extr_ref updateData
$extr_variation == PIRATE_BASE
!$extr_addedRaidObjective","AddRaidObjective genericIcon ""Perform extraction operation""$extr_danger 5000 extrRaidFinished
$extr_addedRaidObjective = true 0
FireBest OpenInteractionDialog",,,
dpl_extrOpenMarket3,OpenInteractionDialog,"$market.extr_target score:1000
Call $market.extr_ref updateData
$extr_variation == LUDDIC_PATH_BASE
!$extr_addedRaidObjective","AddRaidObjective genericIcon ""Perform extraction operation"" $extr_danger 5000 extrRaidFinished
$extr_addedRaidObjective = true 0
FireBest OpenInteractionDialog",,,
dpl_extrRaidFinished1,extrRaidFinished,"$extr_variation == COLONY
Call $market.extr_ref updateData","$market.extr_needToReturn = true
Call $market.extr_ref updateStage","You feel a twitch through the agrav plates as the assault shuttle docks. You nod your approval to the medic and marines escorting the rescued agent - they return a salute. The agent is too dazed to recognize you as their savior. 

No matter.",,
dpl_extrRaidFinished2,extrRaidFinished,"$extr_variation == PIRATE_BASE
Call $market.extr_ref updateData","$market.extr_needToReturn = true
Call $market.extr_ref updateStage","The extracted agent, bloodied but alive, is escorted to secure quarters by a medic and two guards. 

Curses and impotent oaths of vengeance come in over the comms. You nod to your comms officer, who terminates the open channel.",,
dpl_extrRaidFinished3,extrRaidFinished,"$extr_variation == LUDDIC_PATH_BASE
Call $market.extr_ref updateData","$market.extr_needToReturn = true
Call $market.extr_ref updateStage","The extracted agent, exhausted, alive, and in need of a long shower is escorted to secure quarters by a medic and two guards. 

Curses and impotent oaths of vengeance come in over the comms. You nod to your comms officer, who terminates the open channel.",,
dpl_extr_barIntercept,DialogOptionSelected,"$option == dpl_marketVisitBar
$market.extr_target score:1000
!$extr_skipBarIntercept
Call $market.extr_ref updateData",,"The shuttle makes its final approach to the port district, the pilot overseeing small pings of attitude thrusters.

Your comm link chimes. An incoming request appears - an encrypted voice-only connection from source unknown.","dpl_extr_pickUp:Accept the connection request
dpl_extr_ignore:Ignore it and head to the bar",
dpl_extr_barIgnore,DialogOptionSelected,$option == dpl_extr_ignore,"$option = marketVisitBar
$extr_skipBarIntercept = true 0
FireBest DialogOptionSelected
unset $extr_skipBarIntercept",,,
dpl_extr_barPickUp,DialogOptionSelected,$option == dpl_extr_pickUp,"SetStoryOption extr_storyOption general ""Negotiated a peaceful handover of the target""
Highlight $extr_storyCost
DoCanAffordCheck $extr_storyCost extr_storyOption false","You accept the comm request. A voice crackles from the staticy display of your TriPad.

""Captain $playerName. I know why you're really here. I believe you and I can resolve this situation personally, though I must remain anonymous due to political considerations.""

""I recognize that your capability to employ deadly force is not insignificant. I wish to propose a path of least bloodshed.""

""You will have to trust me, captain. And, naturally, I cannot simply give you what you want; it will come at the price of $extr_storyCost credits. I hope you find this an acceptable compromise, given the alternative.""","dpl_extr_storyOption:Cooperate with the voice and pay the credits
dpl_extr_ignore:Close the connection and head to the bar",
dpl_extr_barStoryOption1,DialogOptionSelected,$option == dpl_extr_storyOption,RemoveCommodity credits $extr_storyCost,"The voice provides you with a numbered burner account for the credits transfer. 

""Excellent, captain,"" the anonymized  voice says, ""I confirm receipt of your payment. From this point it'll take only a short time for the arrangements to be made.""

The voice gives you instructions to head to a particular bar, $extr_barName, near the concourse. ""Goodbye, Captain $playerName,"" it says one last time.

With the sinking feeling that your target - and credits -might be further away from you with each passing minute, you enter the bar.",dpl_extr_continue1:Continue,
dpl_extr_barStoryOption2,DialogOptionSelected,$option == dpl_extr_continue1,"$market.extr_needToReturn = true
Call $market.extr_ref updateStage
FireAll extrBarStoryOptionHub","The proprietor looks up as soon as you step into the dim tube-lit interior. ""Hey!"" You tense, at the tone. ""You can't just let your friend sleep here, I'm not running a hotel yeah?"" This must be $extr_barOwner.

$extr_barOwner pulls you toward a dark end of the bar where a figure appears to be passed out drunk; a rad-reflective hood has fallen over their face. You pull it back, and it is indeed your extraction target. Looking a little pale, unconscious, and drooling, but the face matches your intel.

""I don't want any trouble, maybe your friend's on chems, I don't ask questions. But see, I took care of 'em right? No call to municipal. Now you take your friend and go now. Go, get out!"" He tries to shoo you toward the door as you lift the slack body.","

",
dpl_extr_barStoryOptionHubA,extrBarStoryOptionHub,,,,dpl_extr_continue2:Leave,
dpl_extr_barStoryOptionHubB,extrBarStoryOptionHub,!$askedRecognize,,,"dpl_extr_continue3a:""Wait, how did you recognize me?""",
dpl_extr_barStoryOptionHubC,extrBarStoryOptionHub,!$askedHow,,,"dpl_extr_continue3b:""How'd my 'friend' get here?""",
dpl_extr_barStoryOption3a,DialogOptionSelected,$option == dpl_extr_continue3a,"$askedRecognize = true 0
FireAll extrBarStoryOptionHub","$extr_barOwner rolls his eyes, ""Your other friend showed me your holo, said look, my other friend the space captain is coming to pick this one up.""

""Now you get going, I don't want people thinking my drinks are bad or maybe $extr_barOwner runs a place with no class. Go, go!""",,
dpl_extr_barStoryOption3b,DialogOptionSelected,$option == dpl_extr_continue3b,"$askedHow = true 0
FireAll extrBarStoryOptionHub","$extr_barOwner sighs loudly, ""I tell you, then you go right? Now here's what I tell you: I didn't see anything. I'm running a spacer bar, not a children's creche. People come in, people go out. I don't look too close, I don't ask important questions, it's 'good run?', or 'price of fuel ain't what it was eh?'. That's the business.""

""We made a deal, now you're leaving. Out, out!""",,
dpl_extr_barStoryOption3,DialogOptionSelected,$option == dpl_extr_continue2,"ShowDefaultVisual
FireAll PopulateOptions","Outside the bar you pass the unconscious form to one of your bodyguards, whose subtle augments make carrying the limp form a matter of casual ease.

The automedic on the shuttle back reports that the agent was heavily and expertly sedated.

Returned to consciousness in secure quarters on your flagship, the agent is suspicious and uncooperative until you give the confirmation phrase you were provided. Calmer now, they have no explanation for how they ended up in $extr_barName.

Maybe it doesn't matter; you just have to get them back, get your pay, and the job is done.",,
# returned with target,,,,,,
dpl_extrMissionReturn1,PickGreeting,"$extr_returnHere score:1000
Call $extr_ref updateData
$extr_variation == COLONY
FireBest GenericMissionReturn","ShowPersonVisual
$extr_completed = true
Call $extr_ref updateStage","""Impressive work, captain,"" the $faction $post says. ""I'm told that you've helped us perform quite a coup on the intel front. The analysts are terribly excited.""",contact_pickAnotherGreeting:Continue,
dpl_extrMissionReturn2,PickGreeting,"$extr_returnHere score:1000
Call $extr_ref updateData
$extr_variation == PIRATE_BASE
FireBest GenericMissionReturn","ShowPersonVisual
$extr_completed = true
Call $extr_ref updateStage","""You've done some good work, captain,"" the $faction $rank says. ""Our agent... will recover.""

$HeOrShe leans back, eyes focusing on something abstract. ""The pirates on the other hand, with the intel we've gained on their organization, their movements, their patsies in the civil service - we shall bring them the swift justice they've earned.""",contact_pickAnotherGreeting:Continue,
dpl_extrMissionReturn3,PickGreeting,"$extr_returnHere score:1000
Call $extr_ref updateData
$extr_variation == LUDDIC_PATH_BASE
FireBest GenericMissionReturn","ShowPersonVisual
$extr_completed = true
Call $extr_ref updateStage","""Good work captain,"" the $faction $rank says, ""I must admit that I was not fully convinced that our agent could be safely extracted. The Pathers... it's never a proper stand-up battle with them."" $HeOrShe shakes $hisOrHer head.

""Intel tells me our agent will provide information that shall let us roll up a great number of Pather infiltrator rings. No details of course, you know how this business is. I need not tell you how many lives you've saved.""",contact_pickAnotherGreeting:Continue,
,,,,,,
# bounty on pirate fleets in a system with a pirate base / on the base itself,,,,,,
dpl_psbBlurb,dpl_psb_blurb,,,"""Cheers, captain! Do you know what makes me so happy? The committee finally agreed with my plan to put up a special bounty on the pirates and terrorists! Now go, hunt some pirates down, and enjoy your sweet reward!""
OR
""The pirates these days are so audacious to dance under my eyes. Can you understand how my heart hurts as a rear admiral when seeing this? My heart hurts even worse when I have to remind myself that I need to stay at Research Site V. I've decided to offer a special bounty using my own salary to trusted individuals who can assist with this problem.""
OR
""Captain $playerName, the committee denied my plan to put up bounties on pirates again. But I can't allow myself to simply sit here and do nothing. I'm putting up a personal special bounty to my trusted individuals, to hunt those pirates down. Would you please consider accepting it?""",,
dpl_psbOfferOption,dpl_psb_option,,,,dpl_psb_start:Ask about the special pirate fleet bounty,
dpl_psbOfferTextContact,DialogOptionSelected,$option == dpl_psb_start,"$missionId = dpl_psb
SetTextHighlights $psb_dist $psb_baseBounty $psb_days
Call $psb_ref showMap ""Target: $psb_systemNameShort""                        ","""The terms are this,"" $heOrShe says, ""A bounty shall be paid for destruction of pirate fleets in or near $psb_systemName, $psb_dist light-years away. The base rate is $psb_baseBounty credits per frigate destroyed or disabled, on an increasing scale for larger hulls - please review addendum A in the terms I've forwarded. The period of the bounty shall last for $psb_days days.""
 
$HeOrShe pauses, then smiles: ""So what would you say? I would be pleased to see you stamp them out, captain.""","contact_accept:Accept
contact_decline:Decline",
,,,,,,
# custom production - player orders stuff from contact,,,,,,
dpl_cpcBlurb,dpl_cpc_blurb,,,"Eliza smiles proudly: ""Congratulations, captain $playerName! I have arranged some production slots on the orbital works at Lab Factory to do custom production plans for me. I invite you to join me, order some ships and weapons, I believe those equipments could be more helpful in your hands.""",,
dpl_cpcOfferOption,dpl_cpc_option,,,,dpl_cpc_start:Ask about the surplus nanoforge production opportunity.,
dpl_cpcOfferTextContact,DialogOptionSelected,$option == dpl_cpc_start,"$missionId = dpl_cpc
SetTextHighlights $cpc_maxCapacity $cpc_costPercent $cpc_days
DoCanAffordCheck 0 cpc_pickPlayerBP false","""So, let me list the conditions and I'll let you decide. $cpc_maxCapacity credits worth of Domain Navy grade nanoforge production at $cpc_costPercent of base cost with delivery of product within $cpc_days days. You may order from our blue prints or your own, I'll get everything else arranged!""","dpl_cpc_pickPlayerBP:Make a selection from your own blueprints
dpl_cpc_pickContactBP:See what blueprints they have available
contact_decline:Decline",
,,,,,,
dpl_cpcPickPlayerBP,DialogOptionSelected,$option == dpl_cpc_pickPlayerBP,Call $cpc_ref pickPlayerBP,,,
dpl_cpcPickContactBP,DialogOptionSelected,$option == dpl_cpc_pickContactBP,Call $cpc_ref pickContactBP,,,
dpl_cpcBPPicked,CPCBlueprintsPicked,,"$option = contact_accept 0
FireBest DialogOptionSelected
Call $cpc_ref repSuccess
Call $cpc_ref addContacts",,,
,,,,,,
# produce X units of commodity at colony,,,,,,
dpl_cpmBlurb,dpl_cpm_blurb,,,"""I'd like to set up an economic arrangement with a reliable colonial producer of $cpm_commodityName covering a period of several cycles.""
OR
""I'm looking to invest in a colony which can produce $cpm_commodityName reliably for several cycles.""",,
dpl_cpmOfferOption,dpl_cpm_option,,,,dpl_cpm_start:Ask about becoming a supplier of $cpm_commodityName,
dpl_cpmOfferTextContact,DialogOptionSelected,$option == dpl_cpm_start,"$missionId = dpl_cpm
SetTextHighlights $cpm_needed $cpm_missionCycles $cpm_monthlyPayment $cpm_contractCycles $cpm_totalPayment","""I need a steady supply of $cpm_needed units of $cpm_commodityName from a reliable colonial administrator. I would expect full production brought online within $cpm_missionCycles cycles. Once established, I would arrange for monthly payments of $cpm_monthlyPayment credits over $cpm_contractCycles cycles, for a total of $cpm_totalPayment credits.""

""This could prove quite lucrative if you could guarantee the stable supply chain our operation requires,"" $heOrShe says.","contact_accept:Accept
contact_decline:Decline",
,,,,,,
# A quantity of a commodity available cheaply,,,,,,
dpl_cheapComBlurb,dpl_cheapCom_blurb,,,"""I have a large stockpile of surplus $cheapCom_commodityName available at a low price.""",,
dpl_cheapComOfferOption,dpl_cheapCom_option,,,,dpl_cheapCom_start:Ask about the surplus $cheapCom_commodityName,
dpl_cheapComOfferTextLocal,DialogOptionSelected,"$option == dpl_cheapCom_start
$cheapCom_variation == LOCAL","$missionId = dpl_cheapCom
FireBest CheapComOfferText
ShowRemainingCapacity $cheapCom_commodityId
DoCanAffordCheck $cheapCom_totalPrice contact_accept true",,"contact_accept:Accept
contact_decline:Decline",
dpl_cheapComOfferTextRemote,DialogOptionSelected,"$option == dpl_cheapCom_start
$cheapCom_variation == REMOTE","$missionId = dpl_cheapCom
FireBest CheapComOfferText",,"contact_accept:Accept
contact_decline:Decline",
dpl_cheapComTextLocal,CheapComOfferText,$cheapCom_variation == LOCAL,SetTextHighlights $cheapCom_quantity $cheapCom_pricePerUnit,"""It would come out to,"" $heOrShe squints at $hisOrHer datapad, ""There- $cheapCom_quantity units of $cheapCom_commodityName for $cheapCom_pricePerUnit per unit. If you can help me clear out this warehouse, it'd do me a real favor.""",,
dpl_cheapComTextRemote,CheapComOfferText,$cheapCom_variation == REMOTE,"SetTextHighlights $cheapCom_quantity $cheapCom_dist $cheapCom_pricePerUnit $cheapCom_totalPrice
Call $cheapCom_ref showMap ""Destination: $cheapCom_marketName""","""There's a surplus stockpile of $cheapCom_quantity units of $cheapCom_commodityName $cheapCom_marketOnOrAt $cheapCom_marketName - that's $cheapCom_dist light-years away - that I can let you have at $cheapCom_pricePerUnit per unit, or $cheapCom_totalPrice total. You'd need to talk to $cheapCom_personPost $cheapCom_personName to make the arrangement.""",,
dpl_cheapComPostAccept,ContactPostAccept,"$missionId == dpl_cheapCom
$cheapCom_variation == LOCAL","RemoveCommodity credits $cheapCom_totalPrice
AddCommodity $cheapCom_commodityId $cheapCom_quantity
Call $cheapCom_ref2 repSuccess
Call $cheapCom_ref2 addContacts",,,
dpl_cheapComPickupGreeting,PickGreeting,"$cheapCom_hasCommodity score:1100
Call $cheapCom_ref updateData","ShowPersonVisual
SetTextHighlights $cheapCom_quantity $cheapCom_pricePerUnit
ShowRemainingCapacity $cheapCom_commodityId
DoCanAffordCheck $cheapCom_totalPrice contact_accept true","""Ah, it's $playerName isn't it? You must be here to pick up $cheapCom_quantity units of $cheapCom_commodityName for $cheapCom_pricePerUnit credits per unit,"" $heOrShe taps at a datapad, nodding, ""We can get you set right up if you're prepared to receive the cargo now.""","dpl_cheapCom_pickup:Pick up the $cheapCom_commodityName
cutCommLink:Cut the comm link",
dpl_cheapComPickupOptionSel,DialogOptionSelected,$option == dpl_cheapCom_pickup,"RemoveCommodity credits $cheapCom_totalPrice
AddCommodity $cheapCom_commodityId $cheapCom_quantity
$cheapCom_completed = true
Call $cheapCom_ref updateStage
FireAll PopulateOptions","""Thank you for taking this off my hands.""",,
,,,,,,
# commodity procurement,,,,,,
dpl_proComBlurb,dpl_proCom_blurb,,,"""I need to procure a quantity of $proCom_commodityName.""
OR
""I require delivery of a cargo of $proCom_commodityName.""
OR
""I need a shipment of $proCom_commodityName.""",,
dpl_proComOfferOption,dpl_proCom_option,,,,dpl_proCom_start:Ask about the $proCom_commodityName procurement,
dpl_proComOfferBegin,DialogOptionSelected,$option == dpl_proCom_start,"$missionId = dpl_proCom
FireBest ProComOfferText",,"contact_accept:Accept
contact_decline:Decline",
dpl_proComTextLocal,ProComOfferText,"$proCom_variation == LOCAL
!$proCom_barEvent",SetTextHighlights $proCom_quantity $proCom_pricePerUnit,"""I require $proCom_quantity units of $proCom_commodityName delivered here as soon as possible. It's a rush job so I'll pay over market value, $proCom_pricePerUnit per unit.""",,
dpl_proComTextRemote,ProComOfferText,"$proCom_variation == REMOTE
!$proCom_barEvent","SetTextHighlights $proCom_quantity $proCom_dist $proCom_pricePerUnit $proCom_totalPrice
Call $proCom_ref showMap ""Destination: $proCom_marketName""","""I need $proCom_quantity units of $proCom_commodityName delivered to $proCom_marketName - that's $proCom_dist light-years away. Due to the importance of this shipment, I'll ensure that you're paid $proCom_pricePerUnit per unit, which makes for a total of $proCom_totalPrice credits.""

""$proCom_PersonPost $proCom_personName will receive the shipment from you $proCom_marketOnOrAt $proCom_marketName and deliver payment upon completion.""",,
dpl_proComDeliverGreetingNotEnough,PickGreeting,"$proCom_needsCommodity score:1000
Call $proCom_ref updateData
!$proCom_playerHasEnough","ShowPersonVisual
SetTextHighlights $proCom_quantity
FireAll PopulateOptions","""Yes, hello."" $HeOrShe appears to be busy browsing a shipping manifest on an adjacent display, ""I'm expecting a cargo of $proCom_quantity units of $proCom_commodityName. To be paid for,"" $hisOrHer eyes turn to you. ""Upon delivery. In full.""
OR
""I'm expecting a delivery of $proCom_commodityName, $proCom_quantity units, exact."" $HeOrShe idly reads from a datapad. ""That's the deal.""",,
dpl_proComDeliverGreeting,PickGreeting,"$proCom_needsCommodity score:1000
Call $proCom_ref updateData
$proCom_playerHasEnough","ShowPersonVisual
SetTextHighlights $proCom_quantity $proCom_pricePerUnit","""Ah, you must be $playerName. We've been expecting you."" $personName reads a datapad, ""And I believe- yes, it says here you're delivering $proCom_quantity units of $proCom_commodityName. Is that correct?""","dpl_proCom_deliver:Deliver the $proCom_commodityName
cutCommLink:Cut the comm link",
dpl_proComDeliverOptionSel,DialogOptionSelected,$option == dpl_proCom_deliver,"FireBest dpl_ProComCompletedText
AddCommodity credits $proCom_totalPrice
RemoveCommodity $proCom_commodityId $proCom_quantity
$proCom_completed = true
Call $proCom_ref updateStage
FireAll PopulateOptions",,,
dpl_proComDeliverCompleted,dpl_ProComCompletedText,,,"""Thank you, this cargo of $proCom_commodityName is more important than you might think.""
OR
""I knew we could count on you. Thank you for the shipment.""
OR
""Good work, you've really saved us a lot of trouble.""
OR
""This was handled perfectly, captain. I'll be sure to put in a good word for you.""",,
