name,id,tags,rarity,base price,stack size,cargo space,icon,sound id,sound id drop,plugin,plugin params,desc,order
,,,,,,,,,,,,,
Phase Lab Experimental Package,dpl_experimental_pkg,"package_bp, no_drop",,1000000,1000,1,graphics/icons/cargo/blueprint_hightech.png,ui_chip_pickup,ui_bp_package_drop,com.fs.starfarer.api.campaign.impl.items.MultiBlueprintItemPlugin,dpl_experimental_bp,"Enables heavy industry to construct the experimental ship hulls, weapons, and fighter LPCs from the Phase Lab. Contains some secret experimental platforms not in the codex yet.",556
Phase Lab Navy Package,dpl_navy_pkg,"package_bp, no_drop",,1000000,1000,1,graphics/icons/cargo/blueprint_hightech.png,ui_chip_pickup,ui_bp_package_drop,com.fs.starfarer.api.campaign.impl.items.MultiBlueprintItemPlugin,dpl_navy_bp,"Enables heavy industry to construct the navy-standard ship hulls, weapons, and fighter LPCs from the Phase Lab",557
Phase Lab Commercial Package,dpl_commercial_pkg,package_bp,0.2,200000,1000,1,graphics/icons/cargo/blueprint_hightech.png,ui_chip_pickup,ui_bp_package_drop,com.fs.starfarer.api.campaign.impl.items.MultiBlueprintItemPlugin,dpl_commercial_bp,"Enables heavy industry to construct the market-available ship hulls, weapons, and fighter LPCs from the Phase Lab",558
Phase Lab Domain Package,dpl_domain_pkg,"package_bp, no_drop",,1000000,1000,1,graphics/icons/cargo/blueprint_hightech.png,ui_chip_pickup,ui_bp_package_drop,com.fs.starfarer.api.campaign.impl.items.MultiBlueprintItemPlugin,dpl_domain_bp,"Enables heavy industry to construct the domain era ship hulls, weapons, and fighter LPCs from the Phase Lab",559
,,,,,,,,,,,,,
Principles of Phase Resonance,dpl_resonance_book,mission_item,,100000,1000,1,graphics/icons/cargo/blueprintschip.png,ui_cargo_special_ultratech_pickup,ui_cargo_special_ultratech_drop,data.scripts.items.dpl_ResonanceBook,,An electronic version of the tedious instructions about how to use phase resonance to disrupt electronic systems. It tells you how to make military usage of the phase resonance phenomenon.,0
Musician,dpl_musician,mission_item,,50000,1,1,graphics/icons/cargo/dpl_converter.png,ui_cargo_special_ultratech_pickup,ui_cargo_special_ultratech_drop,com.fs.starfarer.api.campaign.impl.items.BaseSpecialItemPlugin,,"A special hacker device that can convert a comm relay to a capable device that induces phase resonance, though you still have to start and tune the phase resonance for the converted relay to work. It will deactivate once its power runs out, which takes about 3 days.",0
,,,,,,,,,,,,,
Data Archive,dpl_data_archive,,,100000,1000,1,graphics/icons/cargo/dpl_scavenger_data.png,ui_cargo_special_ultratech_pickup,ui_cargo_special_ultratech_drop,com.fs.starfarer.api.campaign.impl.items.BaseSpecialItemPlugin,,"This secure TriPad contains a database which holds detailed information about an elite expedition fleet: where they visited, what they found, how their ships were built and modified, all the spacial anomalies they have seen, and so on. Data such as this is a treasure for engineers, though for space captains it's more of a tedious fleet log.",1
