name,id,tags,rarity,base price,stack size,cargo space,icon,sound id,sound id drop,plugin,plugin params,desc,order
,,,,,,,,,,,,,
Phase Lab Experimental Package,dpl_experimental_pkg,"package_bp, no_drop",,1000000,1000,1,graphics/icons/cargo/blueprint_hightech.png,ui_chip_pickup,ui_bp_package_drop,com.fs.starfarer.api.campaign.impl.items.MultiBlueprintItemPlugin,dpl_experimental_bp,"Enables heavy industry to construct the experimental ship hulls, weapons, and fighter LPCs from the Phase Lab. Contains some secret experimental platforms not in the codex yet.",556
Phase Lab Navy Package,dpl_navy_pkg,"package_bp, no_drop",,1000000,1000,1,graphics/icons/cargo/blueprint_hightech.png,ui_chip_pickup,ui_bp_package_drop,com.fs.starfarer.api.campaign.impl.items.MultiBlueprintItemPlugin,dpl_navy_bp,"Enables heavy industry to construct the navy-standard ship hulls, weapons, and fighter LPCs from the Phase Lab",557
Phase Lab Commercial Package,dpl_commercial_pkg,package_bp,0.2,200000,1000,1,graphics/icons/cargo/blueprint_hightech.png,ui_chip_pickup,ui_bp_package_drop,com.fs.starfarer.api.campaign.impl.items.MultiBlueprintItemPlugin,dpl_commercial_bp,"Enables heavy industry to construct the market-available ship hulls, weapons, and fighter LPCs from the Phase Lab",558
Phase Lab Domain Package,dpl_domain_pkg,"package_bp, no_drop",,1000000,1000,1,graphics/icons/cargo/blueprint_hightech.png,ui_chip_pickup,ui_bp_package_drop,com.fs.starfarer.api.campaign.impl.items.MultiBlueprintItemPlugin,dpl_domain_bp,"Enables heavy industry to construct the domain era ship hulls, weapons, and fighter LPCs from the Phase Lab",559
