{
	"starSystem":"dpl_proving_ground",
	"markets":[
		{
			"entities":["dpl_security"],
			"faction":"dpl_phase_lab",
			"size":6,
			"startingConditions":[
				"population_6",
				"very_hot"
			],
			"industries":[
				["population"],
				["megaport"],
				["waystation"],
				["heavybatteries"],
				["starfortress_high"],
				["highcommand","cryoarithmetic_engine"],
				["commerce"],
				["refining"],
			],
		},
		{
			"entities":["dpl_factory"],
			"faction":"dpl_phase_lab",
			"size":6,
			"startingConditions":[
				"population_6",
				"ore_rich",
				"rare_ore_rich",
				"volatiles_abundant"
			],
			"industries":[
				["population"],
				["megaport"],
				["waystation"],
				["heavybatteries"],
				["starfortress_high"],
				["highcommand"],
				["orbitalworks","pristine_nanoforge"],
				["mining"],
				["commerce"],
			],
		},
		{
			"entities":["dpl_research_site_v"],
			"faction":"dpl_phase_lab",
			"size":7,
			"startingConditions":[
				"population_7",
				"habitable",
				"mild_climate",
				"solar_array",
				"farmland_bountiful",
				"organics_abundant",
				"dpl_matcha_makers"
			],
			"industries":[
				["population"],
				["megaport"],
				["waystation"],
				["heavybatteries"],
				["starfortress_high"],
				["highcommand"],
				["farming","soil_nanites"],
				["mining"],
				["commerce"],
			],
		},
		{
			"entities":["dpl_research_site_v_moon"],
			"faction":"dpl_phase_lab",
			"size":6,
			"startingConditions":[
				"population_6",
				"no_atmosphere"
			],
			"industries":[
				["population"],
				["megaport"],
				["waystation"],
				["heavybatteries"],
				["starfortress_high"],
				["highcommand"],
				["commerce"],
				["fuelprod","synchrotron"],
				["lightindustry"],
			],
		},

	],


}



