name,id,tier,rarity,base value,range,damage/second,damage/shot,emp,impact,turn rate,OPs,ammo,ammo/sec,reload size,type,energy/shot,energy/second,chargeup,chargedown,burst size,burst delay,min spread,max spread,spread/shot,spread decay/sec,beam speed,proj speed,launch speed,flight time,proj hitpoints,hints,tags,groupTag,tech/manufacturer,for weapon tooltip>>,primaryRoleStr,speedStr,trackingStr,turnRateStr,accuracyStr,customPrimary,customPrimaryHL,customAncillary,customAncillaryHL,noDPSInTooltip,number,,
Trebel,dpl_trebel,5,,50000,450,,2000,,50,5,,2,0.1,,ENERGY,2200,,,5,,,0,0,0,0,,1000,,,100,"SYSTEM,STRIKE",,,Domain Phase Lab,,General,,,,,,,,,,106,,
Phonograph Torpedo,dpl_phonograph,3,0.6,3000,800,,5000,,100,10,4,1,,,ENERGY,1200,,0,15,1,,0,0,0,0,,350,100,3,100,STRIKE,dpl_commercial_bp,,Domain Phase Lab,,General,,,,,,,,,TRUE,100,,
Standard Gramophone Launcher,dpl_stdgramophone,3,0.5,5000,1000,,4500,,90,25,15,3,,,ENERGY,1000,,0,15,1,,0,0,0,0,,450,120,3,250,STRIKE,dpl_commercial_bp,,Domain Phase Lab,,General,Fast,None,,,,,,,TRUE,101,,
Heavy Gramophone Launcher,dpl_hvygramophone,5,0.4,8000,1000,,4500,,90,25,30,12,,,ENERGY,1000,,0,15,2,0.5,0,0,0,0,,450,120,3,250,STRIKE,dpl_commercial_bp,,Domain Phase Lab,,General,Fast,None,,,,,,,TRUE,102,,
Gramophone Torpedo,dpl_gramophone,3,0.5,2000,1000,,4500,,90,10,3,1,,,ENERGY,1000,,0,15,1,,0,0,0,0,,450,120,3,250,STRIKE,dpl_commercial_bp,,Domain Phase Lab,,General,,,,,,,,,TRUE,103,,
Notes,dpl_hydraulis_notes,8,,15000,3000,,375,,25,15,,6,0.3,6,ENERGY,425,,0,18,6,0.3,0,0,0,0,,400,200,8,400,"SYSTEM,DO_NOT_AIM, DO_NOT_CONSERVE",,,Domain Phase Lab,,Long Range Support (Area),Fast,Medium,,,,,,,TRUE,104,,
Tremolo,dpl_tremolo,5,,20000,500,1200,,,0,15,,,,,ENERGY,,1000,0.5,0.25,1,9,,,,,10000,,,,,"SYSTEM,SHOW_IN_CODEX,STRIKE,USE_VS_FRIGATES",,,Domain Phase Lab,,Anti Armor,,,,,,,,,,105,,
Graviton Lance,dpl_graviton_lance,5,0.6,12000,1000,400,,,10,15,11,,,,KINETIC,,500,0.5,1,1,4,,,,,3000,,,,,"STRIKE,USE_VS_FRIGATES",dpl_commercial_bp,,Domain Phase Lab,,Anti Shield,,,,,,,,,,105,,
Plasma Lance,dpl_plasma_lance,5,0.6,12000,1000,450,,,10,15,12,,,,ENERGY,,550,0.5,1,1,4,,,,,3000,,,,,"STRIKE,USE_VS_FRIGATES",dpl_commercial_bp,,Domain Phase Lab,,Anti Armor,,,,,,,,,,105,,
Gamma Blaster,dpl_gamma_blaster,5,0.7,8000,500,1200,,,0,15,10,20,,,ENERGY,,1000,0.5,0.25,1,9,,,,,10000,,,,,"STRIKE,USE_VS_FRIGATES",dpl_commercial_bp,,Domain Phase Lab,,Anti Armor,,,,,,,,,,105,,
Longinus,dpl_longinus,5,,200000,950,,5500,4000,200,5,,1,0.033,,ENERGY,6000,,0.2,20,,,0,0,0,0,,1000,,,1000,"SYSTEM,STRIKE",,,Domain Phase Lab,,Anti Armor,,,,,Dealing extra high explosive damage when hits on hull. Hits on shields has no effect.,,,,,106,,
Gungnir,dpl_gungnir,5,,200000,500,,5000,1000,200,5,,1,0.033,,HIGH_EXPLOSIVE,5500,,0.2,20,,,0,0,0,0,,1000,,,1000,"SYSTEM,STRIKE",,,Domain Phase Lab,,Anti Armor,,,,,,,,,,107,,
Phase Lightning Cannon,dpl_phase_pd,5,0.4,60000,500,,200,300,40,12,30,,,,ENERGY,160,,0,2,12,0.2,,,,,,10000,,,25,"PD,PD_ALSO","pd17, dpl_navy_bp, no_bp_drop",,Domain Phase Lab,,Point Defense,,,,Perfect,Fires phase lightning arcs at the nearest target close to the weapon's current facing. The arc always hits. Generates secondary and tertiary arcs with %s of the range and the same amount of damage when hitting a target,50%,,,,200.25,,
Thermal Pulse Lance,dpl_tpl,0,,100000,1000,1650,,,0,7,,,,,ENERGY,,1700,0.5,1,1,4,,,,,10000,,,,,"SHOW_IN_CODEX,SYSTEM,FIRE_WHEN_INEFFICIENT",,,Domain Phase Lab,,General,,,,,,,,,,108,,
High Density Plasma Lance,dpl_hdpl,5,0.4,45000,1000,1350,,1000,0,7,30,,,,ENERGY,,1500,0.5,1,1,4,,,,,10000,,,,,FIRE_WHEN_INEFFICIENT,,,Domain Phase Lab,,Suppression,,,,,Dealing extra high explosive damage when hits on hull. Hits on shields has no special effect.,,,,,27,,
Hymn,dpl_hymn,5,0.4,100000,1000,2500,,1000,0,7,,2,0.0556,,ENERGY,,2600,1,1,1,9,,,,,10000,,,,,"SYSTEM,FIRE_WHEN_INEFFICIENT,STRIKE,USE_VS_FRIGATES",,,Domain Phase Lab,,Anti Shield,,,,,"Dealing extra hard flux when hits on shield, the amount is %s of the damage data. Hits on hull has no special effect.",80%,,,,27,,
Plasma Hammer,dpl_plasma_hammer,5,,50000,900,,1500,,0,10,35,8,0.125,2,ENERGY,1400,,0,4,1,,,,,,,1000,,,500,,"dpl_navy_bp, no_bp_drop",,Domain Phase Lab,,General,,,,,Dealing extra high explosive damage when hits on hull. Hits on shields has no effect.,,,,,203,,
Schragemusik,dpl_schragemusik,5,,1000,400,,50,,1,45,8,,,,ENERGY,30,,0,3,10,0.1,1,10,0.5,5,,1200,,,10,"SYSTEM,ANTI_FTR",,,Domain Phase Lab,,Anti Armor,,,,,,,,,,204,,
Phonograph Air Torpedo,dpl_phonographair,5,,,800,,5000,,0,10,,1,,,ENERGY,100,,0,15,1,,0,0,0,0,,350,100,3,100,"SYSTEM,STRIKE",,,Domain Phase Lab,,General,,,,,,,,,TRUE,207,,
Gramophone Air Torpedo,dpl_gramophoneair,5,,,1000,,4500,,0,10,,1,,,ENERGY,60,,0,15,1,,0,0,0,0,,450,120,3,250,"SYSTEM,STRIKE",,,Domain Phase Lab,,General,,,,,,,,,TRUE,208,,
Phase Lightning Emitter,dpl_phase_pdair,5,,,450,,150,150,0,12,,,,,ENERGY,160,,0,2,1,,,,,,,10000,,,25,"SYSTEM,PD,PD_ALSO",,,Domain Phase Lab,,Point Defense,,,,Perfect,,,,,,208.5,,
Oracle,dpl_oracle,5,,1000000,8000,6000,,4000,50,0,,,,,ENERGY,,5000,12,16,1,160,,,,,10000,,,,,"SYSTEM,FIRE_WHEN_INEFFICIENT,DO_NOT_CONSERVE",,,Domain Phase Lab,,Long Range Support,,,,,"When hits on hull, generates huge temperature gradient and does additional %s damage proportional to the target's current hull points. When hits on shields for seconds,it will generate a shield-penetrating plasma arc. the plasma arc generates huge temperature gradient on the surface of the target, dealing %s damage proportional to the target's current hull points.","High Explosive""|""High Explosive",,,,209,,
,,,,,,,,,,,,,,,,,,,,,,,,,,,,,,,,,,,,,,,,,,,,,,,,
Causal Shock Emitter,dpl_acausal_shock,5,,1000000,1000,,1,,40,12,,,,,ENERGY,5000,,0,20,,,,,,,,10000,,,25,"SYSTEM,STRIKE",,,Domain Phase Lab,,Suppression,,,,Perfect,Fires causal shock arcs at the nearest target close to the weapon's current facing. The arc always hits. And always overloads the target.,,,,,200.25,,
Causal Lightning Emitter,dpl_phase_mg,5,,60000,600,,100,100,40,120,,,,,ENERGY,20,,0,2,24,0.1,,,,,,10000,,,25,"SYSTEM,PD,PD_ONLY",,,Domain Phase Lab,,Point Defense,,,,Perfect,Fires causal lightning arcs at the nearest target close to the weapon's current facing. The arc only hits fighters and missiles.,,,,,19.6,,
Causal Wrath,dpl_wrath,5,,60000,1000,,700,300,40,120,,,,,ENERGY,10000,,0,2,24,0.1,,,,,,10000,,,25,"SYSTEM,PD,PD_ONLY",,,Domain Phase Lab,,Point Defense,,,,Perfect,Fires causal lightning arcs at the nearest target close to the weapon's current facing. The arc only hits fighters and missiles.,,,,,19.6,,
