id,type,text1,text2,text3,notes,
dpl_phase_lab,FACTION,"The Phase Lab is a faction formed by a military research institute working for Domain Navy that focused on studies of phase space, known as the Domain Phase Lab, that got lost in the Orion-Perseus abyss during the collapse. Due to the nature of abyss, and lack of fuel, it took them two centuries to travel out of the abyss and fly to the core worlds. They had some encounters with the drone ship fleets that took away many lives, and so this caused their decade-long hostility against the Tri-Tachyon corporation. The Phase Lab has tens of million of populations, mostly scientists, navy crews, and other people providing necessary supplies. The Phase Lab keeps the ranks of officers as they were in the Domain Navy, but the new-born citizens could only get enlisted in the Phase Lab navy, instead of the Domain Navy. As a faction, the Phase Lab cares about the livings of civilians, and the researches about the phase space.

The Phase Lab is a peaceful faction that tends to solve problems through diplomacy, and they declared full respect to other factions' power of regulation. The civilian organization is quite relaxed, as long as no extreme violations to the Domain regulation policies, the civilians could freely act accoridng to their wills. However, the Phase Lab Navy completely follows the Domain Navy Articles of War, which is much more strict. The Phase Lab keeps a democratic structure when making decisions. All important decisions must pass the examination of the committee board before being valid, then the Lab Director (the leader of the Phase Lab) would execute the decisions. Exceptional times require exceptional measures, and so the Phase Lab also joins trading to raise funding to support their research projects.",,,,
dpl_fluxdisruptor,SHIP_SYSTEM,"Briefly overloads an enemy ship that's really close.

The disruptor system developed by the Phase Lab. It creates a very narrow phase burst using a special independent phase coil called phase resonator. Its principle to work is complicated. In simple words, when activated, this system recursively charges the phase coil so that it resonates with the phase space, then it pushes a sudden energy burst in to destabilize the resonance state, this will cause a large fluctuation called phase burst in the phae space, and generate a lot of flux in the phase resonator. The resultant phase burst travels for very short range and can only affect one selected target. But if it hits a ship, no matter the ship lives in phase space or physical world, it will definitely overload all systems of the target for a minute.",Offensive,Briefly overloads an enemy ship that's really close.,,
dpl_phase_lightning,SHIP_SYSTEM,"Fires phase lightning that deals energy and EMP damage to nearby enemy ships.

The phase lightning system is an EMP striking system developed by the Phase Lab. It creates powerful lightning strikes by creating large charge clusters in a phase bubble and extracting arcs of energy out from the phase bubble to fire. The phase lightnings contains more energy than normal EMP arcs, and so it travels slightly longer distance, and deals more damage to targets.",Special,Fires phase lightning that deals energy and EMP damage to nearby enemy ships.,,
dpl_energyfeed,SHIP_SYSTEM,"Enables an advanced and complicated system that accelerates energy weapon recharge. In simple words, the system uses a set of small phase coils to speed up the time near those energy weapons by a factor of 2, resulting in the same amount of flux could result in twice as fast of fire rate. The system must be cooled down and calibrated to be active again.",Offensive,Provides a flux cost reduction and a brief boost to the rate of fire of all energy weapons.,,
dpl_phase_enhanced_shield,SHIP_SYSTEM,"Enables an advanced system that redirects flux generated by the shield generators into the phase coil torus arrays. The weapon systems must be shut down to provide energy for this system to work. Doing so would greatly increase the shield efficiency, but the array would generate hard flux over time.",Defensive,"Reduces the damage taken by shields to a minimum, but generates hard flux while active.",,
dpl_mote_strike,SHIP_SYSTEM,Induces large high frequency motes that does energy damage and EMP damage to enemy ships. It uses a phase lightning to generate the space rift for such large motes to warp into our universe. Can be used while phased. The motes would automatically  be attracted by the targets.,Offensive,Teleports a large high frequency mote to the target area. Can be used while phased.,,
dpl_eternal_instant,SHIP_SYSTEM,Greatly speeds up the flow of time on board the ship. Generates a significant amount of flux when used. The ship's weapon system must be turned off in order to provide enough energy for this system to work. All other information about this system is classified.,Special,"Speeds up the time flow on the ship by 10 times, but disables weapon systems.",,
dpl_relativity_targeting,SHIP_SYSTEM,"GR Targeting System is a special active targeting system that increases the ranges of all non-missile weapons by 80%, and it generates soft flux when active. The GR in its name stands for General Relativity, it uses the gravitational tensor field data to enhance the targeting system. But when using this system, the ship can only travel at 20% of its max speed, or the ship's speed will introduce large errors in the readings. Once turned off, it takes 5 seconds to calibrate before it could be turned on next time.",Offensive,"Increases the non-missile weapon range, but reduces the ship's max speed.",,
dpl_mote_device,SHIP_SYSTEM,High Frequency energy motes deal heavy EMP damage to ships and obliterate fighters and missiles. Using the system creates a temporary attractor point for the motes. The motes automatically target nearby missiles and fighters unless an attractor point is set on an enemy ship.,Special,Energy motes deal heavy EMP damage to ships and obliterate fighters and missiles.,,
dpl_missileflux,SHIP_SYSTEM,"By reducing the engine power and disabling the defense system, the flux vents with special design on this ship could actively vent the flux generated by the missile weapons.",Offensive,Disable defense system and reduce speed to decrease flux generated by missile weapons.,,
dpl_missileoverload,SHIP_SYSTEM,"Briefly increases the damage and flux of all missile weapons. The phase-cavity array stores multiple charges, which are slowly regenerated.",Offensive,Briefly increases the damage and flux of all missile weapons.,,
dpl_plasmajets,SHIP_SYSTEM,"Provides a brief but extreme boost to top speed, along with a slight maneuverability boost.",Movement,"Provides a brief but extreme boost to top speed, along with a slight maneuverability boost.",,
,,,,,,
dpl_matcha,RESOURCE,"A finely ground powder made from small fresh tea leaves. It's a very traditional treat, and can only be hand-crafted. The flavor is said to be exotic and gorgeous.",,,,
,,,,,,
dpl_gamma_blaster,WEAPON,"Gamma Blaster is the first portable weapon system developed by the Phase Lab. It's an improved version of the antimatter blaster. The Phase Lab adds a small phase coil that creates a small phase bubble inside the blaster chamber, and uses the phase bubble as a reaction cavity for matter-antimatter annihilation. This improvement achieves 100% energy usage efficiency, and creates intense gamma ray to deal energy damage.",,,,
dpl_tremolo,WEAPON,"Tremolo is an integrated experimental weapon system developed as an improvement of gamma blaster. The Phase Lab discovers that positronium (a hydrogen atom-like structure formed by an electron and its anti particle, positron, rotating around each other) could exist in the form of crystals in the phase space, and such positronium crystal can be made by putting organized positronium particles into the phase space. And when the phase space fades, and an external laser hits this positronium crystal, intense gamma ray could be produced. So Tremolo is the result, a gamma blaster with no ammo limit, but slightly slower to reload.",,,,
dpl_graviton_lance,WEAPON,"Graviton lance is a portable weapon system developed by the Phase Lab. It's an alternation of the graviton beam. The Phase Lab adds a small phase coil that creates a small phase bubble inside the graviton beam, and uses the phase bubble as a trapping cavity to concentrate gravitons. This improvement makes the weapon fire bursts of gravitons instead of a continuous flow, also deal more damage at cost of higher flux.",,,,
dpl_plasma_lance,WEAPON,"Plasma lance is a portable weapon system developed by the Phase Lab. It's a innovative weapon that's some what similar to combination of phase lance and plasma cannon. The Phase Lab uses a small phase coil that creates a small phase bubble inside the weapon cavity, and uses the phase bubble as a trapping cavity to concentrate plasmas. It turns out that plasmas don't like to stay together if you just simply pile them together in a phase bubble, and so this phenomena makes the weapon fire bursts of plasma beams instead of concentrated plasma clusters. There are rumors saying that the Phase Lab is trying to solve this problem by doing more careful studies on plasma flow structure, but all related information is classified.",,,,
dpl_bugle,SHIP,"Bugle is a commercial warship designed by the Phase Lab. The Phase Lab makes heavy modifications to the existing blueprint of wolf, gives it a high-quality military-grade shield, and replaces the phase skimmer system and the bulk energy weapon slot with the high energy focus system.

There are rumors saying that the high-energy focus system on this ship has a disabled output port that can inject energy into phase space by phase resonance, and the Phase Lab uses it as ingredient of some powerful weapon technologies.

Nonetheless, the rumors doesn't affect the fact that it's a good ship, and it indeed is a successful frigate flying in the sector.",,,,
dpl_ophicleide,SHIP,"Ophicleide is a commercial warship designed by the Phase Lab. The Phase Lab finds that maneuverability is important for frigates after developing Bugle, so they developed a new class of frigate.

The Phase Lab engineers replaced the high energy focus system with maneuvering jets, and added the medium weapon slot back to strengthen the fire power. Ophicleide is the result, and fortunately it's even more successful than Bugle.",,,,
dpl_harmonica,SHIP,"Harmonica is the first experimental product of the Phase Lab, she is a test platform for the weapon system called 'Trebel'. After the experiment was successfully performed, the Phase Lab decided to put harmonica on the market, as she can be mass-produced, and she is a powerful ship.",,,,
dpl_trebel,WEAPON,"Trebel is an integrated experimental weapon system inspired by the concept 'Energy Torpedo'. The phase space has property of flux-insulation, and the Phase Lab sees opportunity inside: If one can maintain a bubble in phase space, and squeeze as much energy as possible into that bubble, when the bubble destabilizes, the insulated energy released could be as deadly as a reaper torpedo. Such idea leads to the technology called 'phase compression', and Trebel is the resulting weapon system, a deadly and reproducible energy torpedo with short range.",,,,
dpl_piccolo,SHIP,"Piccolo is an early experimental product of the Phase Lab, she is designed to test the integrated phase cloak system technology. The whole ship is designed as a large phase coil, such design improves the phase efficiency by hundreds of times, but it makes her much more vulnerable since merely no armor can be added for the phase performance.",,,,
dpl_phonograph,WEAPON,"Phonograph torpedo is the successor of Trebel. With help of special phase coil containers, the phase compression technology can be greatly enhanced. So with the physical presence of a missile body, the Phase Lab can now compress ridiculously high energy into a single shot, giving it potential to hunt down capitals in 2 or 3 hits. However, the Phase Lab soon discovers that compressed energy is highly unstable, resulting in very vulnerable torpedo body, slow speed, and unavoidable flux to fire such a torpedo. This version of the launcher is modified to install on fighters.",,,,
dpl_phonographair,WEAPON,"Phonograph torpedo is the successor of Trebel. With help of special phase coil containers, the phase compression technology can be greatly enhanced. So with the physical presence of a missile body, the Phase Lab can now compress ridiculously high energy into a single shot, giving it potential to hunt down capitals in 2 or 3 hits. However, the Phase Lab soon discovers that compressed energy is highly unstable, resulting in very vulnerable torpedo body, slow speed, and unavoidable flux to fire such a torpedo. This version of the launcher is modified to install on fighters.",,,,
dpl_flute,SHIP,"Flute is the successor of Piccolo. she gets rid of the integrated phase cloak system, and gets more armor in return. The Phase Lab also adds a special torpedo reserve modification using the available space. Then the Phase Lab puts this ship on market, and it turns out to be a success.",,,,
dpl_elf,SHIP,"Elf is an extremely advanced design made by the Phase Lab navy to counter Tri-Tachyon's wolf-pack fleets during the decade-long conflict between Tri-Tachyon and the Phase Lab. She is equipped with an experimental fighter hangar which allows fighters to land and launch from a phased mother ship, and a special system that allows her to launch terrifying missile strikes in a short time.",,,,
dpl_sylph,SHIP,"Sylph is the successor of Elf, she is specialized in recon tasks. To survive in the most terrible battles, she is equipped with an experimental system that allows her to slowly vent hard flux through her fighters when she is in the phase space, and she has an experimental hangar that allows fighters to land and launch when she is phased. She also has some limited yet dangerous weapon systems, for necessary counter-attacks.",,,,
dpl_gramophone,WEAPON,"Gramophone torpedo is the successor of Phonograph torpedo. After many trial and error's, the engineers of the Phase Lab finally had a brilliant plan: to compress less energy into Phonograph torpedo! Though such change will reduce the fire power of the torpedo, the benefit is significant: faster speed; stronger torpedo body; less energy needed to fire it; and higher stability. Such difference enables Gramophone to be stored in piles, and so larger Gramophone launchers are no longer empty dreams.",,,,
dpl_gramophoneair,WEAPON,"Gramophone torpedo is the successor of Phonograph torpedo. After many trial and error's, the engineers of the Phase Lab finally had a brilliant plan: to compress less energy into Phonograph torpedo! Though such change will reduce the fire power of the torpedo, the benefit is significant: faster speed; stronger torpedo body; less energy needed to fire it; and higher stability. Such difference enables Gramophone to be stored in piles, and so larger Gramophone launchers are no longer empty dreams. This version of the launcher is modified to install on fighters.",,,,
dpl_stdgramophone,WEAPON,"The standard launcher of Gramophone torpedo, and the standard weapon for oboe phase submarine.",,,,
dpl_hvygramophone,WEAPON,"The heavier launcher of Gramophone torpedo, this dangerous beast is almost the ultimate torpedo launcher.",,,,
dpl_longinus,WEAPON,"Latest studies on plasma flow structures leads to even more new possibilities in phase compression technology. The Phase Lab discovers that all the energy compressed into the phase glube can be replaced by plasma flows. By fine tuning the substructure of the plasma cluster, the plasma ball and the phase glube can both be stabilized. This idea means Gungnir can be further improved. The result of such improvement is Longinus, an integrated energy torpedo system that is even more deadly than Gungnir, its phase-compressed plasma shots deals pure energy damage, but when it hits armor, as the phase glube destabilizes, rapid expansion of the compressed plasma would cause extra explosion. It takes so much energy and generates so much heat to fire, that a new ship is needed just to operate this weapon system.",,,,
dpl_gungnir,WEAPON,"Latest studies on subatomic structures leads to new possibilities in phase compression technology. The Phase Lab discovers that if some plasma were put into the phase glube at first, then it is possible for the compressed energy to form shell like structure around the plasma kernel, making the plasma cluster denser and hotter. When the phase glube destabilizes, the plasma cluster will greatly expand, causing huge explosions. So Trebel can be greatly improved with help of this idea. The result of such improvement is Gungnir, an integrated energy torpedo weapon that literally fires the drops of stars (or simply super dense and hot explosive plasma balls).",,,,
dpl_phase_pd,WEAPON,"Phase Lightning Cannon is a portable weapon system developed by the Phase Lab. It's an upgrade to the phase lightning ship system, and it's a cutting-edge portable weapon that uses phase lightning as its fire power. It consists of a phase cavity set that traps huge amount of charge and three electric barrels firing lightning arcs alternatively to maximize rate of fire. The most amazing ability of this weapon comes with the repelling nature of electrons: it contains so much charge that the lightning arcs generates secondary and tertiary arcs when hitting targets, and the generated arcs does the same amount of damage, within shorter range. After all, it's a fantastic point defence weapon against aircraft.",,,,
dpl_phase_pdair,WEAPON,"Phase Lightning Emitter is a special weapon system developed by the Phase Lab. It's a miniaturized version of the phase lightning cannon. Though it sacrificed the battery modules so it could only fire one lightning after a single reload, its lightning arcs are just as deadly as the phase lightning cannon.",,,,
dpl_heavy_phase_pd,WEAPON,"Heavy Lightning Cannon is an upgraded version of the phase lightning cannon. By fine tuning the charge distributions in each lightning arcs, the arc generation behavior could be changed, making this weapon serve its role better. However, such fine tuning is very complicated, and so only a very limited amount of this weapon is produced.",,,,
dpl_heavy_pdair,WEAPON,"Heavy Lightning Emitter is a special weapon system developed by the Phase Lab. It's a miniaturized version of the heavy lightning cannon. Though it sacrificed the battery modules so it could only fire one lightning after a single reload, its lightning arcs are just as deadly as the heavy lightning cannon.",,,,
dpl_tpl,WEAPON,"The thermal pulse lance is the result of the recovery efforts made by the Phase Lab engineers when they were trying to recover the half-lost data of onslaught blueprint when they arrived in the sector. The Phase Lab engineers believed that the built-in thermal pulse cannon was a 'damaged version' of some more advanced weapon system from data loss, and so they 'recovered' the thermal pulse lance according to what they believed the 'original' more advanced weapon should be: a concentrated laser lance that uses the shots of thermal pulse cannon to recharge.",,,,
dpl_hdpl,WEAPON,"The high density plasma lance is a portable weapon system developed by the Phase Lab. It's the mature product developed from the prototype Gungnir. By rapidly firing a sequence of phase glubes containing compressed energy-plasma complex, this weapon is able to produce a beam of dense plasmas in short time, but it takes time to charge. Same as Gungnir, the compressed energy-plasma complex still causes explosion when it hits armor, but the beam nature of the shots makes the overall damage behavior of the weapon closer to a beam of plasma, i.e. it mainly deals energy damage for now.",,,,
dpl_lightning_lance,WEAPON,"A burst beam of charges that delivers a devastating amount of damage with a cascading EMP component. When it hits shields, some EMP arcs will be generated inside of the shield, and would directly hit the hull. Though the damages of the EMP arcs would be greatly reduced.

The Phase Charge Lance uses core technology based on the principles of an experimental interstellar electricity transport system developed by the Phase Lab. The system uses a phase cavity as a gate to connect the physical universe and the phase space. Then by using phase resonance phenomenon, it creates charged beams that travel in phase space for a certain range. The beam would destabilize once it hits objects in the physical universe or it reaches its maximum range. When it destabilizes, the charges would be released from the phase space, and travel to the objects nearby creating arcs.

Due to cost reasons, this experimental interstellar electricity transport system did not get widely used in the Domain sectors. But the destabilization process gives this weapon a very interesting 'shield penetrating' property. Since if the beam hits shields, the charges would be released in front of the hitting point, and so the arcs would be generated inside the shield, hitting the hull as if the shield does not block the charge arcs. And so this property makes the electricity transport system into a good weapon.",,,,
dpl_ball_lightning_cannon,WEAPON,"The lightning projector is a portable weapon system developed by the Phase Lab. It's a combination of Phase Charge Lance and plasma structure technology. By compressing charges into spherical plasma anomalies, it produces spherical lightning shots that generates EMP arcs when hitting targets. These EMP arcs could pass through shield, making this weapon strategically special and interesting.",,,,
dpl_ball_lightning,WEAPON,"The heavy lightning projector is an experimental weapon system developped by the Phase Lab. It's an improved version of the lightning projector, as it compresses more charges into the plasma anomaly, the spherical lightning shot that it produces would be more powerful. It needs an entire ship to power up and to reload, and so there is no way to make it portable.",,,,
dpl_ball_lightning_torp,WEAPON,"The lightning torpedo is a miniaturized version of the lightning projector. It stores a single shot of lightning plasma ball, and is usually equipped by fighters.",,,,
dpl_am_cannon,WEAPON,"Fires bolts of energy at enemy targets. With high damage and flux costs, the Antimatter Cannon is one of the most deadly weapons for its size.

A reliable energy weapon, the Antimatter Cannon uses improved positronium crystal ammunition which, when activated by a strong electric current, releases a large amount of positrons and electrons. A magnetic field is used to separate these two families of particles, and the positrons are then concentrated to form an antimatter bolt, ready to destroy its targets.",,,,
dpl_am_cl,WEAPON,"Deploys low-velocity antimatter charges with an impressive blast radius and ability to shrug off point-defense fire. Especially devastating against fighters, but also effective vs armors and shields.",,,,
dpl_trio,WEAPON,"A perfect example of the combination of hyper-physics theory with graviton weapon technologies. The Phase Lab discovered that by concentrating the gravitons near the target, a local graviton density well could exist, and all objects would be attracted toward the stationary point of this density well. This weapon exploits the power of such phenomenon, but it requires so much gravitons to fire that it cannot be made into a portable weapon system.",,,,
dpl_gc,WEAPON,"The Phase Lab discovered that by concentrating the gravitons near the target, a local graviton density well could exist, and all objects would be attracted toward the stationary point of this density well. This weapon concentrates enormous amount of gravitons and fires them in the form of a """"graviton lightning"""" that travels in the hyper-space, and the amount of gravitons is so large that even phased ships would not be able to escape this graviton density well. It requires so much gravitons to fire that it cannot be made into a portable weapon system.",,,,
dpl_plasma_hammer,WEAPON,"The plasma hammer is a portable weapon system developed by the Phase Lab. It's the mature product developed from the prototype Longinus. By compressing less plasma into each phase glube, the total amount of plasma needed to generate a shot is greatly reduced, and the preparation time is shorter. But its principle to work is the same as Longinus, and so the shots still causes explosion when they hit on armor.",,,,
dpl_hymn,WEAPON,"Hymn is a mature integrated weapon system developed by the Phase Lab. It was one of the first works of the Phase Lab, made in the early days far before the Persean Sector was colonized. Its working principle is simple: use great amount of energy to run pair production process, separate the electrons and positrons using a magnetic field. Then store those particles in phase cavities to build up the density. When firing, the particles will be released, the cyclotrons will accelerate them, and a linac will direct all those particles at enemy ship. When this ray of positrons and electrons hit target, the positroniums will undergo annihilation, and surviving electrons could build up charge gradient to disturb shields. It can't be made into a portable weapon system, because it requires 70% of the energy generated by a capital ship reactor to power up, and so it's only mounted on battleships specially designed to carry this weapon.",,,,
dpl_symphony,WEAPON,"Symphony is an integrated weapon system developed by the Phase Lab. It was an enlarged version of the Hymn weapon system, and even the size of its ray emitter is comparable to a station module. Its working principle is simple: use great amount of energy to run pair production process, separate the electrons and positrons using a magnetic field. Then store those particles in phase cavities to build up the density. When firing, the particles will be released, the cyclotrons will accelerate them, and a linac will direct all those particles at enemy ship. When this ray of positrons and electrons hit target, the positroniums will undergo annihilation, and surviving electrons could build up charge gradient to disturb shields. Its size is simply too large to be installed on any existing class of ships, and only the Phase Lab super flagship orchestra could carry this weapon.",,,,
dpl_anthem,WEAPON,"Anthem is the special built-in weapon system developed by the Lion's Guard for the Lion Anthem class battleship. But even the Lion's Guard has no idea about how this weapon is developed or how it could be installed on any ship. Shipyard workers describe the process of forging this built-in weapon system as """"a sacred ritual for the Executor"""", every step has to be exactly the same as on the instructions, and even the smallest deviation would cause system malfunctions. Some rumors say that the Grand Executor designed this weapon system himself, and gives it to the Lion Guard as a gift, and other rumors say that Diktat spies stole this weapon from TriTachyon. Nonetheless, it's a extremely sophisticated system, and it fires extremely deadly Lion roars to the enemy.",,,,
dpl_siphon,WEAPON,"Phase Siphon is the ultimate creation of the phase transport system: it allows protons and neutrons to move through a phase siphon beam. This property allows this weapon to 'steal' hull materials and armors from enemy ships. The Phase Lab is highly interested in the performance of these weapons in real combats, and rumors are that some prototype ships specially designed to carry this weapon are constructed and released to the Phase Lab Navy.",,,,
dpl_hydraulis,SHIP,"Hydraulis is an experimental product of the Phase Lab, she is a test platform for the weapon system called 'Notes'. The Notes weapon system is so large that it takes a cruiser sized ship to carry, and a capital sized ship to power.

So Hydraulis is the answer from the lab: a cruiser sized moving reactor with Notes system. Phase cloak system is not applicable due to its energy cost, and merely no armor can be installed without severely slowing the ship down.

Thus a shield generator is used instead, with special modifications done to further protect this vulnerable ship, and a fighter bay is installed to provide additional protection and support.

After Vice-Admiral Lovelace proved her combat ability in the great battle above the planet called Research Site V nowadays, she is now a part of the Phase Lab naval force.",,,,
dpl_hydraulis_notes,WEAPON,"Notes is a miracle of the phase technology. The Phase Lab discovered that given high enough energy input, deep coupling between phase space and physical space can be triggered, and this process sometimes produces flying 'motes' that has certain affinity to physical objects. The Phase Lab seeks to couple these motes with phase compressed energy glubes, creating a guided energy torpedo system. It turns out that such further coupling is very unlikely to happen in the first place, and the energy in the phase glube can't be too large, or the 'motes' will be burned before the coupling. But when the 'motes' are coupled with phase glubes, the motes will absorb the energy, gain higher frequency and start burning, they are deadly shots until they burn out. After all, Notes is the result, a huge guided torpedo launcher with small number of slowly-reproducible shots, each has low damage, but long range.",,,,
dpl_calliope,SHIP,"Calliope is the commercial version of the Hydraulis. The Notes system is replaced by weapon slots modified to support medium weapons, the fighter bay and modified shield generator are kept.",,,,
dpl_hydraulophone,SHIP,"Hydraulophone is an experimental prototype of the Phase Lab, she is designed to be a cruiser specialized in operating the 'notes' system. Though she is definitely a powerful ship, her design was too complicated to manufacture, and only several operational prototypes were constructed.",,,,
dpl_pioneer,SHIP,"Acumen is a classical mobile lab ship used by the Phase Lab Exploration fleets, it has some weapon mounts for defense, and it has a fighter bay to launch small number of wings for different purposes. Its original design could be chased all the way back to the time before the star gates were even a concept. The Phase Lab installed a special graviton device called 'Trio' on this ship, to slow objects down so that they can be more carefully studied.",,,,
dpl_innovator,SHIP,"The design of this ship is mysterious, however, its almost empty fleet log tells you that this ship is one of the two prototype cruisers made at Lab Factory, as an experiment on weaponizing 'high-frequency phase anomalies'. The project was ordered by the Lab Security Department. This ship was attacked by a small fleet, though her escort fleet won the battle, she couldn't jump into the hyperspace due to loss of fuel. And lastly, the final experimental result for this project was failure. Though barely anything in the record is understandable, as a captain, you can still tell that this ship is a good support cruiser.",,,,
dpl_oboe,SHIP,"Oboe is the successor of Clarinet, she keeps the integral phase cloak system. And the Gungnir system is replaced by weapon slots modified to support medium energy and missile weapons.",,,,
dpl_minelayer,SHIP,"Lab Minelayer is an old design made by the Phase Lab, it used to serve as system defense ships that does the job with low cost, and safety guaranteed by its phase coils. Nowadays, it's a bit outdated, but still serving in the Phase Lab Navy.",,,,
dpl_bagpipes,SHIP,"Bagpipes is a commercial design made by the Phase Lab. It has better armor and strengthened hull, as an answer to the complaints about how fragile the ships made by the Phase Lab were. And it also has a revolutionary system that allows weapon system to fire and vent, resulting in lower flux generation when this system is active.",,,,
dpl_enmity,SHIP,"As an answer to the hostility from Tri-Tachyon space forces, Enmity is a phase destroyer designed by the Phase Lab engineers, with advises and combat experiences from hegemony naval officers. As a result, the hegemony is allowed to massively import this ship for their fleets.",,,,
dpl_shadow,SHIP,"Shadow is a special phase carrier modified from captured 'phantom' phase transports during the battles between Tri-Tachyon and the Phase Lab. She is a perfect platform to test the military potential of the experimental phase hangar, and the Phase Lab releases some of these modified ships to their navy.",,,,
dpl_trumpet,SHIP,"Trumpet is a commercial warship designed by the Phase Lab. The Phase Lab makes heavy modifications to the existing blueprint of shrike, gives it a high quality military grade shield, and replaces its ship system with the special 'phase lightning' system. The Phase Lab designs it as a destroyer capable of cooperating with most fleet operations and it fulfills its duty nicely.

There are rumors saying that the phase lightning system on this ship has an input port that can extract energy from energy sources in phase space by phase resonance, and the Phase Lab uses it as ingredient of some powerful weapon technologies.

But the rumors doesn't affect the fact that it's a good ship, and it indeed is a successful destroyer on market",,,,
dpl_flugelhorn,SHIP,"Flugelhorn is a special 'escort destroyer' designed by the Phase Lab. It has the plasma cores to facilitate the charging process of all beam weapons, and it has a large energy slot to deliver deadly firepowers. Usually it is used in the Phase Lab navy to escort capital ships and provide long range firepower support.",,,,
dpl_flumpet,SHIP,"Flumpet is a commercial warship designed by the Phase Lab, it's an alternation of Trumpet. The Phase Lab removes the whole battle module on Trumpet, and replaced it with two fighter bays and defensive turrets. It's a fantastic light carrier that can cooperate with smaller ships, but it's very fragile when its shields are down.",,,,
dpl_cornet,SHIP,"Cornet is a special 'anti-phase' destroyer developed by the Phase Lab. It has integrated Tremolo weapon system, and it is equipped with the phase burst system to deal with phase ships effectively. The cost is that it only has very small spaces left for shield and armor, but the Phase Lab equips it with the best military grade shield to alleviate this problem.",,,,
dpl_whisper,SHIP,"Whisper is a special 'hunter' destroyer developed by the Phase Lab to counter fast pickets from Tri-Tachyon. She is equipped with an experimental teleporter system, and she is designed to operate a powerful weapon system called 'phase siphon'. With her powerful weapons and shields, she is a perfect hunter to defend Phase Lab space from Tri-Tachyon wolf packs.",,,,
dpl_clarinet,SHIP,"Clarinet is an experimental product of the Phase Lab, she is a test platform for the energy torpedo system called 'Gungnir'. She has integrated phase coils for protection, but her armor is very limited as both Longinus weapon system and the integrated phase coils take the place of armor. Nonetheless, her excellent strike ability will cover and exceed such minor cost for sure.",,,,
dpl_baritone,SHIP,"Baritone is a commercial warship designed by the Phase Lab. The Phase Lab gives it the state of the art accelerated energy injection system to make it provide good fire support. Its primary role is to cooperate with the fast destroyers in the fleet to capture strategically important locations, and then provide fire support to defend these locations.",,,,
dpl_trombone,SHIP,"Trombone is a commercial warship designed by the Phase Lab. She has four medium fighter bays, but only has very limited point defence weapon slots. She is a fantastic fleet carrier as long as it stays behind the battle line, but if the enemy gets too close to her, she has the amazing ability to deploy all reserved wings in emergency situation to give a fight.",,,,
dpl_mellophone,SHIP,"Mellophone is a commercial warship designed by the Phase Lab. She is a complete alternation to the Phase Lab's Domain-issued lab transport. The Phase Lab installs mega positronium linac (linear accelerator) and advanced optic systems using the secured cargo space. 

These equipments takes up surprisingly large space, and the reward is great: Mellophone becomes the platform that could unleash the full power of Tremolo weapon system.",,,,
dpl_tuba,SHIP,"The Tuba is a commercial warship designed by the Phase Lab. The Phase Lab noticed the success in the Tri-Tachyon's aurora class cruiser, and Tuba is their product to compete with aurora. Though she sacrificed missile weapon slots, she has more energy slots to support her performance in longer battles.",,,,
dpl_wuther,SHIP,"Wuther is a prototype cruiser designed by the Phase Lab, as a platform to test the 'phase siphon' weapon system. She is equipped with a limited teleporter system to increase her mobility. Though she is too slow to chase fast destroyers and frigates, her special weapon system still makes her an extremely powerful cruiser.",,,,
dpl_persean_express,SHIP,"Persean Express is an armed freighter designed by the Phase Lab, and she is free from phase technologies.

She was designed after research site V had been established, as the answer from the Phase Lab to the endless pirate raids on the mercenary convoys, and to fill in the empty spots of transport ships left by the dismantled lab transports.

Though she carries less cargo, she is faster and better armed, and she is the main freighter used by the Phase Lab mercenary convoys these days.",,,,
dpl_euphonium,SHIP,"Euphonium is a special 'anti-air' heavy cruiser designed by the Phase Lab, and she uses the phase lightning cannon as her main weapon. She has a large charge generating module to support all the phase lightning cannons onboard, and as a draw back, her armor is quite compromised.",,,,
dpl_bassoon,SHIP,"Bassoon is an experimental product of the Phase Lab, she is a test platform for the weapon system called 'Longinus'. Due to the fact that Longinus system causes so much energy to power, fire, and cooldown, integrated phase coil is not applicable for her. So only ordinary phase coil and very little armor are installed, making her a quite vulnerable ship.",,,,
dpl_tenoroon,SHIP,"Tenoroon is the successor of Bassoon, the Longinus system is removed, and her power supplies are used to support large energy weapons. The Phase Lab also installs the integrated phase coils on her to make her a deadly silent hunter. She is a highly sophisticated and expensive ship, and so only the most wealthy commanders could afford one in their fleets.",,,,
dpl_dudelsa,SHIP,"Dudelsa is a commercial design made by the Phase Lab. It's specialized in missile attacks. When her ability combines with her hull, armor, and phase coils, she is indomitable.",,,,
dpl_reedpipe,SHIP,"Reedpipe is a mature design made by the Phase Lab, to serve as the flagship in the phase fleets in the Phase Lab Navy. She has extremely strong fire power and relatively good protection from her armor, making her a dangerous opponant to anyone who dares to challenge her.",,,,
dpl_nightmare,SHIP,"As an answer to the hostility from Tri-Tachyon space forces, Nightmare is a phase cruiser designed by the Phase Lab engineers, with advises and combat experiences from hegemony naval officers. As a result, the hegemony is allowed to massively import this ship for their fleets.",,,,
dpl_martyr,SHIP,"Martyr is a special phase carrier modified from captured 'revenant' phase tender during the battles between Tri-Tachyon and the Phase Lab. She is large enough to equip the experimental phase hangar, and a special device that could recall all of its fighters at once. The Phase Lab releases some of these modified ships to their navy.",,,,
dpl_lab_transport,SHIP,"A huge transport ship with its design name classified by the Domain of Men Navy, its recorded information suggests that it's referred to by the name 'Lab Transport'.

It contains a device that broadcasts a warning message issued by the Domain of Men navy: ""This ship is a Domain of Men Naval Force-approved interstellar transport that ships classified research materials. Any violations to this ship's safety will be recognized as hostilities against the Domain of Men navy, and responded by appropriate military operations.""

Due to information restriction policies, this is the only transport ship that the Domain Phase Lab has access to. Even though this warning probably isn't useful at all after the Collapse, this ship still has Domain-taste heavy armor and burn drive to survive under enemy firepowers.",,,,
dpl_lion_anthem,SHIP,"The Lion Anthem is a new special modification of the Pegasus-class hull developed by the Lion's Guard, it is equipped with the experimental built-in weapon called 'Anthem'.

Even the Lion's Guard doesn't know the details about the development of this ship, and there are rumors saying that this ship is designed by the Grand Executor himself, and he finished it in one single month. 

Strangely, since this ship was delivered to the Lion's Guard, the Sindrian Diktat began to regularly import scientific equipments from the Phase Lab. Nonetheless, this ship makes another fine and terrifying sight in the skies of the Askonia system.",,,,
dpl_onslaught_alt,SHIP,"The Phase Lab Onslaught is the result of the recovery efforts made by the Phase Lab engineers when they were trying to recover the half-lost data of onslaught blueprint when they arrived in the sector.

The engineers tried their best to recover the data in the blue print, but was only able to recover the designs of the ship hull, the armor, and the side weapon slots. The information about the weapon slots in the middle part was completely lost, together with designs of the engine and shield system.

The engineers of the Phase Lab then added the slots information back according to their cruiser school understanding of naval battles: this ship has to deal as much damage as possible before it blows up.

So the engineers adds many energy weapon slots back to make this belief work. The Phase Lab also adds the state of the art propulsion system back, together with more flux vents to make the ship more powerful.",,,,
dpl_warhorn,SHIP,"The Warhorn is a modern capital-sized battle carrier, it was designed after the establishment of research site V. After encountering the Tri-Tachyon invasion forces, the Phase Lab navy needed heavy strike carriers that could move faster than Cimbasso.

A young genius engineer took the mission, and Warhorn is his answer to such demands: a powerful battle carrier that could catch any enemy forces with its burn drive, and then smash them with its fighters and energy weapons. He also mounted an experimental heavy lightning projector on this ship, to further increase its striking power.

After the completion of this design, the young engineer disappeared from public sight. There are rumors that he was promoted, and joined a highly classified project, to design a miraculous flagship based on the Lab Transport hull.",,,,
dpl_sousaphone,SHIP,"The Sousaphone is a new design made by the Phase Lab after the establishment of research site V. The Phase Lab navy needed a ship that is faster than the Saxophone but has stronger firepower than cruisers, to serve as the flagship in fast cruiser fleets.

And so Sousaphone is the result; she has better shields than the Saxophone, and she keeps the ion cores to strengthen her firepower. Her targeting core is also replaced by a more economical choice for mass production.",,,,
dpl_saxophone,SHIP,"The Saxophone is one of the few early Phase Lab designs that were successfully recovered when the Phase Lab arrived in the sector. She was designed to be a battle cruiser, as the cruiser school was popular at that time.

The Phase Lab designed a magnificent built in weapon system that fires positrons and electrons, which could cause energy damage and disrupt shields, it was called 'Hymn'. The Domain Navy was highly interested in the military potential of such weapon, and ordered the Phase Lab to make a such a design.

The Saxophone is the result: a battle cruiser that sacrificed defence, but equipped with the Hymn system, most advanced targeting core in the Domain Navy at that time, and the plasma cores to facilitate pair productions. After the establishment of research site V, the Phase Lab also installed an experimental targeting system for her, and it turned out to be a success.

As a byproduct, the plasma core onboard could couple with the beam weapons to disrupt the shields, causing hard flux build-up. But the Hymn system and the plasma core also disrupts the ship'sown shield, resulting in bad flux/damage efficiency.",,,,
dpl_jazzophone,SHIP,"A large battle cruiser with its design name classified by the Domain of Men navy, its recorded information suggests that it's referred to by the name 'Jazzophone'.

According to the very limited available information about the ship, it is suggested that this ship is a modified version of some extremely old battlecruiser design. The ship design itself was probably as old as the gates, when the Domain of Men was still just a concept, and the old earth was still thriving.

The Phase Lab installed a device that could greatly influence the local time-space structure on the ship, with its working principles being classified. It is hypothesized that the phase coils were developed based on such a device.

And there are rumors that the Phase Lab was founded to do deeper studies about the working principles of this device, and to explore its full military potential.",,,,
dpl_sarrusophone,SHIP,"The Sarrusophone is a new design made by the Phase Lab after the establishment of research site V. The Phase Lab Navy needed a ship that has stronger firepower than Saxophone but faster than Aulochrome, to provide firepower supports in fast fleets.

Such a role is critical when countering large scale pirate armadas and terrorism attacks. And so sarrusophone is the result, she has more concentrated frontal turrets, and a lot of defensive turrets to deal with fighter attacks.

The Phase Lab also installed a Hymn weapon system to strengthen her assault power, at the cost of weakening her shield strength.",,,,
dpl_aulochrome,SHIP,"The Aulochrome is one of the few early Phase Lab designs that were successfully recovered when the Phase Lab arrived in the sector.

She was designed at the same time as conquest when the cruiser school was a popular idea in the Domain of Men Navy. Her role in the fleet is best described by the concept of a 'fast battleship', a capital ship that has stronger firepower than battle cruisers and higher speed than battleships.

At that time, the Phase Lab made a built in emergency forge system that stores nanoforge particles using the phase space, and this system allows battle ships to be reconstructed for once in the middle of space battles. The Domain of Men Navy was highly interested in the military potential of such system, and started cooperation of designing this warship with the Phase Lab.

Aulochrome is the result: a deadly and fast battleship equipped with the emergency forge system. The Domain Navy also installed the best targeting core and military shield they could offer at that time on the ship. She served as the flagship in the Phase Lab escort fleets during the deployment of the Phase Lab to the Persean Sector.",,,,
dpl_aulochrome_salazar,SHIP,"The Aulochrome is one of the few early Phase Lab designs that were successfully recovered when the Phase Lab arrived in the sector. And this specific ship is modified to serve as a test platform for experimental weapons.

She was designed at the same time as conquest when the cruiser school was a popular idea in the Domain of Men Navy. Her role in the fleet is best described by the concept of a 'fast battleship', a capital ship that has stronger firepower than battle cruisers and higher speed than battleships.

At that time, the Phase Lab made a built in emergency forge system that stores nanoforge particles using the phase space, and this system allows battle ships to be reconstructed for once in the middle of space battles. The Domain of Men Navy was highly interested in the military potential of such system, and started cooperation of designing this warship with the Phase Lab.

Aulochrome is the result: a deadly and fast battleship equipped with the emergency forge system. The Domain Navy also installed the best targeting core and military shield they could offer at that time on the ship. She served as the flagship in the Phase Lab escort fleets during the deployment of the Phase Lab to the Persean Sector.",,,,
dpl_cimbasso,SHIP,"The Cimbasso is a dreadnought-sized fortress carrier designed in the very early days of the Phase Lab. Her phase-enhanced shield system is very special: by disabling the weapons and directing all the fluxes generated by the shield system into a torus of phase cavities, the shield efficiency could be diminished. The cost is that the phase cavities would slowly generate hard flux.

Unfortunately, after the ramming of the [REDACTED] drone ship, the blue print for the original design of Cimbasso was partially lost, but its shield design was recovered. The the Phase Lab engineers took the chance to recover the blueprint as an opportunity to make improvements.

They came up with ideas to utilize the flux energy trapped in the phase cavity torus: to release the heat and generate thermal electricity, and use those electric charges to power phase lightning cannons mounted on the circuit. The result of this recovery, or improvement, is the Cimbasso design nowadays.",,,,
dpl_oracle,WEAPON,"Oracle is one of the most advanced creation ever made by anything in the sector, its possibility to exist is already beyond imagination. Though it takes extremely long time to prepare all the plasma needed to charge up, the cost is always worthy for bringing the ultimate sword of destruction down to the earth. The Phase Lab constructed a micro version of a star gate to maintain a capital ship sized gigantic phase cavity. By compressing crazy amount of dense plasma into the cavity, eventually a micro version of a star would form inside the phase cavity. Finally, the Phase Lab used a micro version of chronal hypershunt to extract huge plasma streams out of this micro star in the phase cavity. At this stage the phase destabilization is not important anymore, for the super hot plasma stream is already deadly enough by itself.",,,,
dpl_theater_organ,SHIP,"The Theater Organ is the physical presence of the weapon system Oracle. It's literally a combination of micro star gate, micro coronal hypershunt, plasma cores, and so on, with a huge engine.

The micro star gate acts as a gigantic phase cavity, it's also the gate connecting the physical world and the phase space, so it could also serve as a huge phase coil for the ship, with longer time to cooldown than normal ones.

The Phase Lab only made one experimental prototype of this ship, and due to its dangerous nature, it was deconstructed once the firing experiment of the Oracle system was successful. 

Its temporary blue print was permanently deleted, but somehow an illegal copy was made and brought out from the Phase Lab. This ship was constructed in a nameless factory according to the illegal copy.",,,,
dpl_theater_organ_boss,SHIP,"The Theater Organ is the physical presence of the weapon system Oracle. It's literally a combination of micro star gate, micro coronal hypershunt, plasma cores, and so on, with a huge engine.

The micro star gate acts as a gigantic phase cavity, it's also the gate connecting the physical world and the phase space, so it could also serve as a huge phase coil for the ship, with longer time to cooldown than normal ones.

The Phase Lab only made one experimental prototype of this ship, and due to its dangerous nature, it was deconstructed once the firing experiment of the Oracle system was successful. 

Its temporary blue print was permanently deleted, but somehow an illegal copy was made and brought out from the Phase Lab. This ship was constructed in a nameless factory according to the illegal copy.",,,,
dpl_acausal_shock,WEAPON,"An impossible experimental weapon system that was produced before the Phase Lab was deployed to the Persean Sector. It uses causal principles to create phase shocks that can overload power grids. In simple words, it disrupts the phase space structure, like manually creating an earth-quake in the phase space, by forming resonance with the scope of phase space near this weapon and pumping energy into the phase space to extend the hidden micro-dimensions. Then the created extra dimensions will collapse due to their unstable nature, creating an anomaly called phase shock, and would generate incredible amount of zero point energy with flux. The creation and elimination of the extra dimensions depends heavily on the causal structures of the space-time continuum, and so this weapon is called Causal Shock Emitter.",,,,
dpl_phase_mg,WEAPON,"An impossible experimental weapon system that was produced before the Phase Lab was deployed to the Persean Sector. It uses causal principles to create phase lightnings with extremely low flux generation. In simple words, it is the """"flux vent"""" for the causal shock emitter, it just needs to generate some flux to direct the energy generated when causal shock emitter disrupts the phase space structure, and then it can simply release these energy without generating any flux. The energy released would generate phase lightnings, and that's why it's called Causal Lightning Emitter.",,,,
dpl_heavy_mg,WEAPON,"Heavy Lightning Emitter Mk.II is a special weapon system developed by the Phase Lab. It's an upgraded version of the heavy lightning emitter. By using the ship's energy system, it could now fire bursts of lightning arcs after reloading.",,,,
dpl_agolo_I,SHIP,"Agolo is a mature light fighter developed by the Phase Lab. It has a built-in phase lightning emitter as its weapon system. It sacrifices most of the defence in order to make the space for this weapon system, but it could still be a good class of interceptor as it could easily outnumber enemy fighters and missiles.",,,,
dpl_agolo_II,SHIP,"Double Agolo is the successor of Agolo. The Phase Lab greatly enlarged the hull, so that two lightning emitters can be installed. It also gets a shield emitter for better defence. But it requires more logistic communication bandwidth to command, and so comparing to Agolo, its squadron size is greatly reduced.",,,,
dpl_marimba_I,SHIP,"The design of Marimba started not far before the Collapse, similar to when Cobra was designed. The Phase Lab used their access to view the rejected proposal of Cobra, and they were enlightened. They realized that the idea of anti-capital torpedo bombers could be further developed, leading to a general class of bomber that could carry Phase Lab experimental weapons.

This bomber would be a good general purpose experimental platform in hands of the Phase Lab, and its weapons could also be modified to serve many different roles in the Domain Navy. Then the Collapse happened, and the Phase Lab had to postpone this design until they settled down in the sector.

Nonetheless, the Phase Lab still gives the Gramophone torpedo system to this bomber, and put it on market, to compete with trident, and it turns out to be a success after all.",,,,
dpl_marimba_II,SHIP,"Marimba Mk.II was an alternative design based on the design of Marimba. The Phase Lab created this design based on the reviews about Marimba they received from market. The buyers' opinions reflected that it would be nice if the damage of the Gramophone torpedo could be further improved.

And so as the answer, the Phase Lab installed Phonograph torpedo system on the bomber. Though such idea looks crazy, the Marimba Mk.II bomber actually turns out to be popular on the market. And so the Phase Lab continues to produce this fighter, making it a mature product.",,,,
dpl_song_of_spirit,SHIP,"""The music of universe, a song that I would like to perform even with the cost of my life. In the great harmony, I find beauty and excitement. I hope that every intelligent audience could be lucky enough to have a chance to hear this music, and I truly wish that they may enjoy this precious glance at eternity as I do."" -- rear admiral Eliza Lovelace's diary, cycle C+79.",,,,
dpl_choir,SHIP,"Choir is an anti-capital fighter design made by the Phase Lab in the recent decade. The Phase Lab designed this fighter to make it possible for mass productions in local factories of the sector. 

There are rumors that the Phase Lab stole the idea of this design from the Persean League. Nonetheless, this class of fighter plays an important role in the Phase Lab navy and the Persean League navy.",,,,
dpl_siren,WEAPON,"Siren is a DEM missile that fires gamma ray developed by the Phase Lab. The main difficulty to make this design is how to store high concentration electrons and positrons in the missile body. The Phase Lab made a breakthrough in finding such materials, and so this design becomes real.",,,,
dpl_anchor,WEAPON,"Anchor is a small probe that fires a guiding beam at targets, and as its name suggests, it acts as an anchor for the classified weapon 'Song of Void'. Its volume appears to be large, but the reason for such structure is just to maintain the geometric shape, and most of the space inside of it is actually empty. So a ship can carry a small device that produces its parts and assembles this missile over time, making this missile reproducible.",,,,
dpl_mote_stablizer,WEAPON,"An expandable stabilizer to extend the life times of low-frequency mote-like anomalies. Its working principles are complicated and tedious, but to the captains, it is enough to know that this system fires like a missile launcher.",,,,
dpl_panpipes,SHIP,"Panpipes is a state-of-the-art phase cruiser designed by the Phase Lab. Its design was finished in the recent decade. It's so young that the Phase Lab didn't have enough time to put its information into the CODEX yet.

It has a unique ship system that can induce large scale high frequency motes, and the ship is designed to operate this system. The working principle of the system is extremely complicated, and even the most gifted hyper-physicists in the sector could not fully understand how it works.

There are rumors that Vice Admiral Lovelace made this system to work by using some mysterious measurements of abyssal lights. Currently the ship is only available to Phase Lab researchers as experimental platforms, but with more time, it might thrive in the Phase Lab Navy.",,,,
dpl_orchestra,SHIP,"Orchestra is an engineering miracle, it's a super-capital that fights like a moving star fortress. It's the result of a joint production treaty made by the Phase Lab and an extremely young faction that doesn't exist before C+206.

And its design was finalized in a cooperation between these two factions. It represents a possibility of deep cooperations based on friendship and trust in this brutal sector. The presence of this ship is like a bright star in the dark universe, not bright enough to light up the sky, yet significant enough to give people hopes.",,,,
dpl_orchestraB,SHIP,"Orchestra is an engineering miracle, it's a super-capital that fights like a moving star fortress. It's the result of a joint production treaty made by the Phase Lab and an extremely young faction that doesn't exist before C+206.

And its design was finalized in a cooperation between these two factions. It represents a possibility of deep cooperations based on friendship and trust in this brutal sector. The presence of this ship is like a bright star in the dark universe, not bright enough to light up the sky, yet significant enough to give people hopes.",,,,
dpl_orchestraC,SHIP,"Orchestra is an engineering miracle, it's a super-capital that fights like a moving star fortress. It's the result of a joint production treaty made by the Phase Lab and an extremely young faction that doesn't exist before C+206.

And its design was finalized in a cooperation between these two factions. It represents a possibility of deep cooperations based on friendship and trust in this brutal sector. The presence of this ship is like a bright star in the dark universe, not bright enough to light up the sky, yet significant enough to give people hopes.",,,,
dpl_piano,SHIP,"Piano is an experimental phase capital developed by the Phase Lab. Its design is greatly inspired by the design of panpipes, and it's equipped with the Notes system.

This ship was designed and constructed under the command of the Phase Lab's Security Department Chair at that time, rear admiral Nelson Bonaparte, to serve as the flagship of the security department special task forces.

It's a miraculous ship, its mission is to take out extremely dangerous enemies of the Phase Lab, and to fight efficiently when being badly outnumbered. There were only two prototypes getting produced before Vice-Admiral Lovelace stopped further constructions of this ship.

Rumors are that one prototype was completely destroyed in an accident that also took away the life of Nelson Bonaparte, and the other prototype was dismantled due to the accident. But no one had ever seen the prototype anyway, and so no one would know whether the rumors are true.",,,,
dpl_factory_station,SHIP,"This is a fully armed and operational mobile battle station. It is constructed based on a Remnant nexus. And it functions as a mobile star fortress.

No one knows who designs this factory, or how it is built. Besides its obvious IFF code of an illegal group called 'Helheim Supremacy', everything about this monster is a mystery. It is better to destroy this beast for good.",,,,
dpl_olympias,SHIP,"This is a fully armed and operational autonomous battle station. It is constructed on a scuttled space outpost whose owner was unidentifiable. And it functions as a large space factory.

No one knows who designs this factory, or how it is built. Besides its obvious IFF code of an illegal group called 'Persean Imperium', everything about this station is a mystery. It is better to destroy such stations for good.",,,,
dpl_silence,SHIP,"A highly classified military ship that marks some of the deepest understandings to the hyper-physics and time-space structure ever made by mankind. It is equipped with many advanced systems and weapons, and there is no space left for any kind of defence. It might be an interesting experimental platform, but for most captains, flying this ship is like a suicide mission. The Phase Lab needs some one to pilot this ship and gather scientific data, yet rumors are that since Captain O'Kane was promoted and stopped test flight missions, the Phase Lab could not find anyone that is capable and willing to be a test pilot.",,,,
dpl_silence_drone,SHIP,"An experimental automatic drone fighter that cooperates with the ship 'Silence'. They are equipped with experimental heavy phase lightning emitters, but they need to stay near their carrier to receive energy for recharging their weapons.",,,,
dpl_sylph_drone,SHIP,"The lightning guard is a special drone system designed for the elf and sylph phase frigates, to provide additional support for their strikes.",,,,
dpl_gunboat,SHIP,"An experimental heavy automatic drone gunboat that is designed to protect its carrier. These gunboats are equipped with experimental heavy phase lightning cannons, but they need to stay near their carrier to receive targeting information.",,,,
dpl_dirge,SHIP,"A plaque on the bridge declares this ship hull to be Tri-Tachyon property. Though its underlying operating principles do not resemble any known Domain technology. The limited records in the fleet log of this ship indicate that it was constructed based on the unusual recordings sent back by some AI drone fleets back in the second AI war time, specifically on the date C+191.08.24.

The fleet log also suggests that Tri-Tachyon did send several test pilots to fly this ship, but all of them quitted pretty quickly for various reasons. And then this ship was sent to a Tri-Tachyon prototype lab that is unknown to the Persean Sector at large, as a research material. This ship has a very special and unique device that could induce and control some 'motes'. But it's best to turn this device off when not in battle, or it will burn out the reactor rods in hours.",,,,
dpl_lyre,SHIP,"An old, yet classified prototype military ship that is built to test the military potential of the mote-like anomalies. It has the phase enhanced shield system to provide protections, and it is equipped with an early prototype mote-like anomaly inducer. This inducer could only produce unstable low-frequency anomalies with short life time, but these anomalies can disturb the shield systems.

Though these low-frequency anomalies are not energetic enough to generate shield-piercing arcs, and they need an additional expandable stabilizer to survive, they are reproducible. This is the main reason why they raise interests among Phase Lab researchers.

Nowadays, this ship was almost forgotten, since Hydraulis, a more suitable experimental platform, was designed and produced. But in the hands of smart captains, it could still be an extraordinary combat ship.",,,,
,,,,,,
dpl_black_hole,WEAPON,"""Ross, I understand that it's very appealing to use phase-graviton technology to create microscopic black holes and use them as a weapon, but if we lose any more crews on this project, I'll shut it down. We just can't take lives as costs for our research progress.""","- Eliza Lovelace, in a meeting with Engineering Department",,,
dpl_weak_spot,WEAPON,"""The computational power required for analyzing the weak spots of a space ship in real time is too large, we simply don't have anything capable of doing that. But, if we could speed up the local time using some phase-tempro technologies, it might be possible.""",- Unsigned report found in Engineering Department,,,
dpl_unstable_particle,WEAPON,"""Just keep testing, I must see the limit of such a weapon. Losses in materials and crews are acceptable after all.""","- Nelson Bonaparte, at an unknown test site",,,
dpl_jingle,WEAPON,"""If destabilization of the plasma structure is inevitable, why don't we make use of it? Hyper-physics wouldn't tell you how to win a war in space, would it?""",- Security Department Technician DPL-SD-T83097642,,,
dpl_nova_blaster,WEAPON,"""We won't be firing bullets, we'll be firing stars.""","- Ross Higgs, in a meeting with weapon engineers",,,
dpl_shield_disruptor,WEAPON,"""Just shut the shield down, and fully charge those weapons.""","- Vice Admiral Eliza Lovelace, cycle C+195",,,
dpl_chants,WEAPON,"""Rear Admiral Bonaparte, I have to address again that it's impractical and foolish to miniaturize the 'Trio' weapon system. If you squeeze such a large amount of gravitons in such small space, you could end up making a black hole out of your ship.""","- Ross Higgs, in a meeting with Lab Security Department",,,
dpl_vaporizer,WEAPON,"""Our armor is pierced, this might be our end, but after us, many shall rise and repulse. For humanity, open fire!""","- AAR, first encounter at Isir, [REDACTED] expedition",,,
dpl_crotchets,WEAPON,"""If we just keep the anomaly inducer, it could be possible to make a portable weapon out of the 'Notes' weapon system. Though the produced anomalies would be almost harmless to larger space vessels, we could still make some modifications to allow them disrupting shields.""",- Engineering Department‘s report to Lab Director's Office,,,
dpl_lightning_pulser,WEAPON,"""Can't we just squeeze more charges into that cavity? We were so close to see those beautiful lightnings.""","- Banach Salazar, at an unknown test site",,,
,,,,,,
dpl_song_of_time,WEAPON,"""Since I went into the pod, I had a strange feeling, like merging into the deep ocean, but I heard a music, an exotic music that I have never heard before. In the music, I hear the cries of the first stars in the universe, I see those countlessly many possible futures of the worlds, and I feel all at once. Is this the curse of closed time-like curve, or is it the blessing? Am I dreaming, or is it real? At least, let me try to listen more carefully, maybe one day, we could play this music on our worlds.""","- Captain Eliza Lovelace's diary, cycle C+40",,,
dpl_song_of_dimension,WEAPON,"""Memory Change. Source: Self.
Entry: 'What is reality, I don't believe that the particles, and the interactions through the Higgs field defines reality. The concept of reality should be, I guess, more transcendental.' 
Processing. ERROR: Definition Entry Missing: 'Reality'. Waiting for Response.
Entry: 'I mean, I think it should be the living people that define reality, though I do not know exactly how.'
Processing. Belief Recorded. Possible Definitions Generated.
Memory Updated.""",- Unknown Log in the Classified pod,,,
dpl_song_of_light,WEAPON,"""I'm surprised that a young officer who just woke from cryosleep pods could enjoy the music. Field researcher Banach Salazar, I shall remember his name. I remembered that his research interest was electron transportation in phase space, and I asked him about it. He told me that the lightning between a pulsar and a planet was the most beautiful scene he had ever sighted. He saw it in one of his field studies as a cadet, and then he wanted to create this art using available equipments. Maybe one day I should see that lightning in person, it must be an unforgettable performance.""","- Vice Admiral Eliza Lovelace's diary, cycle C+182",,,
dpl_song_of_spirit,WEAPON,"""The music of universe, a song that I would like to perform even with the cost of my life. In the great harmony, I find beauty and excitement. I hope that every intelligent audience could be lucky enough to have a chance to hear this music, and I truly wish that they may enjoy this precious glance at eternity as I do."" - Rear Admiral Eliza Lovelace's diary, cycle C+79.",,,,
dpl_song_of_chaos,WEAPON,"""We shall turn Moloch's followers against themselves. All it takes is a hammer that does the initial hit, and then they will burn in their own ashes.""","- Some unknown pather commander, cycle C+82.",,,
dpl_song_of_void,WEAPON,"""Drones, not a single one of your kind shall pass. Come, and I'll blast all of your ships into dusts.""","- Vice Admiral Vladimir Vassiliev's comm records, cycle C+90",,,
,,,,,,
dpl_security,CUSTOM,"Lab Security Department was founded after the Research Site V Crisis in C+196 to fulfill the needs of escort fleets for military protections. As an interesting historical fact, the cryoengine installed on this planet was actually the fleet logistics core on the flagship of the entire Phase Lab transport fleet. It protected the Phase Lab in its journey for centuries in the past, and it will protect the Phase Lab for more centuries to come.",,,,
dpl_factory,CUSTOM,"Lab Factory was founded shortly after the settlement on Research Site V. The Phase Lab needed a colony to provide volatiles for the fuel production, and this planet was a perfect choice. The Phase Lab also installed a nanoforge on this planet to support the orbital works above this colony.",,,,
dpl_research_site_v,CUSTOM,"Research Site V is the first colony established by the Phase Lab in year C+195 after their great battle with the drone ship elimination fleet. It was a tundra world, and the Phase Lab terraformed it into a Terran world. Now it's home for tens of millions of awakened cryosleepers. The V in its name stands for Vassiliev, in memorial to the former chief researcher, Vice-Admiral Vladimir Vassiliev, who sacrificed his life to save the Phase Lab from the drone fleets a century ago.",,,,
dpl_research_site_v_moon,CUSTOM,"This planet is the moon of Research Site V, and so the Phase Lab named it R.S.V Moon. It is a plane small rocky planet with no atmosphere. The colonization of Research Site V Moon started soon after the settlement on Research Site V, and the Phase Lab installed its only synchrotron on this planet to produce fuels needed for interstellar travels.",,,,
dpl_station_cryosleeper,CUSTOM,"This station was the mega-structure that was used to keep the majority of the cryosleepers when the Phase Lab was deployed to the Persean Sector. It was too large to safely land on a planet with atmosphere, and so the Phase Lab built a star fortress based on this mega-structure to protect Research Site V, and this mega-structure itself.",,,,
,,,,,,
dpl_Olympias,CUSTOM,"This abandoned station used to be a ""wonder-weapon"" called 'Olympias' of a dangerous organization known as the 'Helheim Supremacy'. It's suspected to be modified from a drone nexus, but no evidence could be found to support the hypothesis.",,,,