id,type,text1,text2,text3,notes,
dpl_phase_lab,FACTION,"The Phase Lab is a faction formed by a military research institute working for domain navy that focused on studies of phase space, known as the Domain Phase Lab, that got lost in the Orion-Perseus abyss during the collapse. Due to the nature of abyss, and lack of fuel, it took them two centuries to travel out of the abyss and fly to the core worlds. They had some encounters with the drone ship fleets that took away many lives, and so this caused their decade-long hostility against the Tri-Tachyon corporation. The Phase Lab has tens of million of populations, mostly scientists, navy crews, and other people providing necessary supplies. The Phase Lab keeps the ranks of officers as they were in the domain navy, but the new-born citizens could only get enlisted in the Phase Lab navy, instead of the Domain Navy. As a faction, the Phase Lab cares about the livings of civilians, and the researches about the phase space.

The Phase Lab is a peaceful faction that tends to solve problems through diplomacy, and they declared full respect to other factions' power of regulation. The civilian organization is quite relaxed, as long as no extreme violations to the domain regulation policies, the civilians could freely act accoridng to their wills. However, the Phase Lab Navy completely follows the Domain Navy Articles of War, which is much more strict. The Phase Lab keeps a democratic structure when making decisions. All important decisions must pass the examination of the committee board before being valid, then the Chief Researcher (the leader of the Phase Lab) would execute the decisions. Exceptional times require exceptional measures, and so the Phase Lab also joins trading to raise fundings to support their research projects.",,,,
dpl_fluxdisruptor,SHIP_SYSTEM,"Briefly overloads an enemy ship that's really close.

The disruptor system developped by the phase lab. It creates a very narrow phase burst using a special independent phase coil called phase resonator. Its principle to work is complicated. In simple words, when activated, this system recursively charges the phase coil so that it resonates with the phase space, then it pushes a sudden energy burst in to destabilize the resonance state, this will cause a large fluctuation called phase burst in the phae space, and generate a lot of flux in the phase resonator. The resultant phase burst travels for very short range and can only affect one selected target. But if it hits a ship, no matter the ship lives in phase space or physical world, it will definitely overload all systems of the target for a minute.",Offensive,Briefly overloads an enemy ship that's really close.,,
dpl_phase_lightning,SHIP_SYSTEM,"Fires phase lightening that deals energy and emp damage to nearby enemy ships.

The phase lightning system is an emp striking system developped by the phase lab. It creates powerful lightning strikes by creating large charge clusters in a phase bubble and extracting arcs of energy out from the phase bubble to fire. The phase lightnings contains more energy than normal emp arcs, and so it travels slightly longer distance, and deals more damage to targets.",Special,Fires phase lightening that deals energy and emp damage to nearby enemy ships.,,
dpl_energyfeed,SHIP_SYSTEM,"Enables an advanced and complicated system that accelerates energy weapon recharge. In simple words, the system uses a set of small phase coils to speed up the time near those energy weapons by a factor of 2, resulting in the same amount of flux could result in twice as fast of fire rate. The system must be cooled down and callibrated to be active again.",Offensive,Provides a flux cost reduction and a brief boost to the rate of fire of all energy weapons.,,
dpl_phase_enhanced_shield,SHIP_SYSTEM,"Enables an advanced system that redirects flux generated by the shield generators into the phase coil torus arrays. The weapon systems must be shut down to provide energy for this system to work. Doing so would greatly increase the shield efficiency, but the array would generate hard flux over time.",Defensive,"Reduces the damage taken by shields to a minimum, but generates hard flux while active.",,
dpl_mote_strike,SHIP_SYSTEM,Induces large high frequency motes that does energy damage and emp damage to enemy ships. It uses a phase lightning to generate the space rift for such large motes to warp into our universe. Can be used while phased. The motes would automatically  be attracted by the targets.,Offensive,Teleports a large high frequency mote to the target area. Can be used while phased.,,
dpl_gamma_blaster,WEAPON,"Gamma Blaster is the first portable weapon system developped by the phase lab. It's an improved version of the antimatter blaster. The phase lab adds a small phase coil that creates a small phase bubble inside the blaster chamber, and uses the phase bubble as a reaction cavity for matter-antimatter annihilation. This improvement achieves 100% energy usage efficiency, and creates intense gamma ray to deal energy damage.",,,,
dpl_tremolo,WEAPON,"Tremolo is an integrated experimental weapon system developped as an improvement of gamma blaster. The phase lab discovers that positronium (a hydrogen atom-like structure formed by an electron and its anti particle, positron, rotating around each other) could exist in the form of crystals in the phase space, and such positronium crystal can be made by putting organized positrunium particles into the phase space. And when the phase space fades, and an external laser hits this positrunium crystal, intense gamma ray could be produced. So Tremolo is the result, a gamma blaster with no ammo limit, but slightly slower to reload.",,,,
dpl_graviton_lance,WEAPON,"Graviton lance is a portable weapon system developped by the phase lab. It's an alternation of the graviton beam. The phase lab adds a small phase coil that creates a small phase bubble inside the graviton beam, and uses the phase bubble as a trapping cavity to concentrate gravitons. This improvement makes the weapon fire bursts of gravitons instead of a continuous flow, also deal more damage at cost of higher flux.",,,,
dpl_plasma_lance,WEAPON,"Plasma lance is a portable weapon system developped by the phase lab. It's a innovative weapon that's some what similar to combination of phase lance and plasma cannon. The phase lab uses a small phase coil that creates a small phase bubble inside the weapon cavity, and uses the phase bubble as a trapping cavity to concentrate plasmas. It turns out that plasmas don't like to stay together if you just simply pile them together in a phase bubble, and so this phenomena makes the weapon fire bursts of plasma beams instead of concentrated plasma clusters. There are rumors saying that the phase lab is trying to solve this problem by doing more careful studies on plasma flow structure, but all related information is classified.",,,,
dpl_bugle,SHIP,"Bugle is a commercial warship designed by the phase lab. The phase lab makes heavy modifications to the existing blueprint of wolf, gives it a high quality millitary grade shield, and replaces the phase skimmer system and the bulk energy weapon slot with the high energy focus system. There are rumors saying that the high energy focus system on this ship has a disabled output port that can inject energy into phase space by phase resonance, and the phase lab uses it as ingredient of some powerful weaponary technologies. Nonetheless, the rumors doesn't affect the fact that it's a good ship, and it indeed is a successful frigate flying in the sector.",,,,
dpl_ophicleide,SHIP,"Ophicleide is a commercial warship designed by the phase lab. The phase lab finds that manuverbility is important for frigates after developping bugle, so they developped a new class of frigates and replaced the high energy focus system with manuvering jets, and adds the medium weapon slot back to strenthen the fire power. Ophicleide is the result, and fortunately it's even more successful than bugle.",,,,
dpl_harmonica,SHIP,"Harmonica is the first experimental product of the phase lab, she is a test platform for the weapon system called 'trebel'. After the experiment was successfully performed, the phase lab decided to put harmonica on the market, as she can be mass-produced, and she is a powerful ship",,,,
dpl_trebel,WEAPON,"Trebel is an integrated experimental weapon system inspired by the concept 'Energy Torpedo'. The phase space has property of flux-insulation, and the phase lab sees opportunity inside: If one can maintain a bubble in phase space, and squeeze as much energy as possible into that bubble, when the bubble destabilizes, the insulated energy released could be as deadly as a reaper torpedo. Such idea leads to the technology called 'phase compression', and Trebel is the resulting weapon system, a deadly and reproducible energy torpedo with short range.",,,,
dpl_piccolo,SHIP,"Piccolo is an early experimental product of the phase lab, she is designed to test the integrated phase cloak system technology. The whole ship is designed as a large phase coil, such design improves the phase efficiency by hundreds of times, but it makes her much more vulnerable since merely no armor can be added for the phase performance.",,,,
dpl_phonograph,WEAPON,"Phonograph torpedo is the successor of trebel. With help of special phase coil containers, the phase compression technology can be greatly enhanced. So with the physical pressence of a missile body, the phase lab can now compress ridiculously high energy into a single shot, giving it potential to hunt down capitals in 2 or 3 hits. However, the phase lab soon discovers that compressed energy is highly unstable, resulting in very vulnerable torpedo body, slow speed, and invoidable flux to fire such a torpedo.",,,,
dpl_flute,SHIP,"Flute is the successor of Piccolo. she gets rid of the integrated phase cloak system, and gets more armor in return. The phase lab also adds a special torpedo reserve modifiction using the available space. Then the phase lab puts this ship on market, and it turns out to be a success.",,,,
dpl_gramophone,WEAPON,"Gramophone torpedo is the successor of Phonograph torpedo. After many trial and error's, the engineers of the phase lab finally had a brilliant plan: to compress less energy into Phonograph torpedo! Though such change will reduce the fire power of the torpedo, the benefit is significant: faster speed; stronger torpedo body; less energy needed to fire it; and higher stability. Such difference enables Gramophone to be stored in piles, and so larger Gramophone launchers are no longer empty dreams.",,,,
dpl_stdgramophone,WEAPON,"The standard launcher of Gramophone torpedo, and the standard weapon for oboe phase submarine.",,,,
dpl_hvygramophone,WEAPON,"The heavier launcher of Gramophone torpedo, this dangerous beast is almost the ultimate torpedo launcher.",,,,
dpl_longinus,WEAPON,"Latest studies on plasma flow structures leads to even more new possibilities in phase compression technology. The phase lab discovers that all the energy compressed into the phase glube can be replaced by plasma flows. By fine tuning the substructure of the plasma cluster, the plasma ball and the phase glube can both be stablized. This idea means Gungnir can be further improved. The result of such improvement is Longinus, an integrated energy torpedo system that is even more deadly than Gungnir, its phase-compressed plasma shots deals pure energy damage, but when it hits armor, as the phase glube destabilizes, rapid expansion of the compressed plasma would cause extra explosion. It takes so much energy and generates so much heat to fire, that a new ship is needed just to operate this weapon system.",,,,
dpl_gungnir,WEAPON,"Latest studies on subatomic structures leads to new possibilities in phase compression technology. The phase lab discovers that if some plasma were put into the phase glube at first, then it is possible for the compressed energy to form shell like structure around the plasma kernel, making the plasma cluster denser and hotter. When the phase glube destablizes, the plasma cluster will greatly expand, causing huge explosions. So Trebel can be greatly improved with help of this idea. The result of such improvement is Gungnir, an integrated energy torpedo weapon that literally fires the drops of stars (or simply super dense and hot explosive plasma balls).",,,,
dpl_phase_pd,WEAPON,"Phase Lightning Cannon is a portable weapon system developped by the phase lab. It's an upgrade to the phase lightning ship system, and it's a cutting-edge portable weapon that uses phase lightning as its fire power. It consists of a phase cavity set that traps huge amount of charge and three electric barrels firing lightning arcs alternatively to maximize rate of fire. The most amazing ability of this weapon comes with the repeling nature of electrons: it contains so much charge that the lightning arcs generates secondary and tertiary arcs when hitting targets, and the generated arcs does the same amount of damage, within shorter range. Afterall, it's a fantastic point defence weapon against aircrafts.",,,,
dpl_tpl,WEAPON,"The thermal pulse lance is the result of the recovery efforts made by the phase lab engineers when they were trying to recover the half-lost data of onslaught blueprint when they arrived in the sector. The phase lab engineers believed that the built-in thermal pulse cannon was a 'damaged version' of some more advanced weapon system from data loss, and so they 'recovered' the thermal pulse lance according to what they believed the 'original' more advanced weapon should be: a concentrated laser lance that uses the shots of thermal pulse cannon to recharge.",,,,
dpl_hdpl,WEAPON,"The high density plasma lance is a portable weapon system developped by the phase lab. It's the mature product developped from the prototype gungnir. By rapidly firing a sequence of phase glubes containing compressed energy-plasma complex, this weapon is ablt to produce a beam of dense plasmas in short time, but it takes time to charge. Same as gungnir, the compressed energy-plasma complex still causes explosion when it hits armor, but the beam nature of the shots makes the overall damage behavior of the weapon closer to a beam of plsama, i.e. it mainly deals energy damage for now.",,,,
dpl_plasma_hammer,WEAPON,"The plasma hammer is a portable weapon system developped by the phase lab. It's the mature product developped from the prototype longinus. By compressing less plasma into each phase glube, the total amount of plasma needed to generate a shot is greatly reduced, and the preparation time is shorter. But its principle to work is the same as longinus, and so the shots still causes explosion when they hit on armor.",,,,
dpl_hymn,WEAPON,"Hymn is a mature integrated weapon system developped by the phase lab. It was one of the first works of the phase lab, made in the early days far before the persean sector was colonized. Its working principle is simple: use great amount of energy to run pair production process, separate the electrons and positrons using a magnetic field. Then store those particles in phase cavities to build up the density. When firing, the particles will be released, the cyclotrons will accelerate them, and a linac will direct all those particles at enemy ship. When this ray of positrons and electrons hit target, the positroniums will undergo annihilation, and surviving electrons could build up charge gradient to disturb shields. It can't be made into a portable weapon system, because it requires 70% of the energy generated by a capital ship reactor to power up, and so it's only mounted on battleships specially designed to carry this weapon.",,,,
dpl_symphony,WEAPON,"Symphony is an integrated weapon system developped by the phase lab. It was an enlarged version of the hymn weapo system, and even the size of its ray emitter is comparable to a station module. Its working principle is simple: use great amount of energy to run pair production process, separate the electrons and positrons using a magnetic field. Then store those particles in phase cavities to build up the density. When firing, the particles will be released, the cyclotrons will accelerate them, and a linac will direct all those particles at enemy ship. When this ray of positrons and electrons hit target, the positroniums will undergo annihilation, and surviving electrons could build up charge gradient to disturb shields. Its size is simply too large to be installed on any existing class of ships, and only the Phase Lab super flagship orchestra could carry this weapon.",,,,
dpl_anthem,WEAPON,"Anthem is the special built-in weapon system developped by the Lion's Guard for the Lion Anthem class battleship. But even the Lion's Guard has no idea about how this weapon is developped or how it could be installed on any ship. Shipyard workers describe the process of forging this built-in weapon system as ""a sacred ritual for the Executor"", every step has to be exactly the same as on the instructions, and even the smallest deviation would cause system malfunctions. Some rumors say that the Grand Executor designed this weapon system himself, and gives it to the Lion Guard as a gift, and other rumors say that Diktat spies stole this weapon from TriTachyon. Nonetheless, it's a extremely sophisticated system, and it fires extremely deadly Lion roars to the enemy.",,,,
dpl_hydraulis,SHIP,"Hydraulis is an experimental product of the phase lab, she is a test platform for the weapon system called 'Notes'. The Notes weapon system is so large that it takes a cruiser sized ship to carry, and a capital sized ship to power. So Hydraulis is the answer from the lab: a cruiser sized moving reactor with Notes system. Phase cloak system is not applicable due to its energy cost, and merely no armor can be installed without severly slowing the ship down. So a shield generator is used instead, with special modifications done to further protect this vulnerable ship, and a fighter bay is installed to provide additional protection and support. After rear admiral Lovelace proved her combat ability in the great battle above the planet called Research Site V nowadays, she is now a usual part of the phase lab naval force.",,,,
dpl_hydraulis_notes,WEAPON,"Notes is a miracle of the phase technology. The phase lab discovered that given high enough energy input, deep coupling between phase space and physical space can be triggered, and this process sometimes produces flying 'motes' that has certain affinity to physical objects. The phase lab seeks to couple these motes with phase compressed energy glubes, creating a guided energy torpedo system. It turns out that such further coupling is very unlikely to happen in the first place, and the energy in the phase glube can't be too large, or the 'motes' will be burned before the coupling. But when the 'motes' are coupled with phase glubes, the motes will absorb the energy, gain higher frequency and start burning, they are deadly shots until they burn out. Afterall, Notes is the result, a huge guided torpedo launcher with small number of slowly-reproducible shots, each has low damage, but long range.",,,,
dpl_calliope,SHIP,"Calliope is the commercial version of the hydraulis. The Notes system is replaced by weapon slots modified to support medium weapons, the fighter bay and modified shield generator are kept.",,,,
dpl_oboe,SHIP,"Oboe is the successor of Clarinet, she keeps the integral phase cloak system. And the Gungnir system is replaced by weapon slots modified to support medium energy and missile weapons.",,,,
dpl_trumpet,SHIP,"Trumpet is a commercial warship designed by the phase lab. The phase lab makes heavy modifications to the existing blueprint of shrike, gives it a high quality millitary grade shield, and replaces its ship system with the special 'phase lightning' system. The phase lab designs it as a destroyer cpable to cooperte with most fleet operations and it fulfills its duty nicely. There are rumors saying that the phase lightning system on this ship has an input port that can extract energy from energy sources in phase space by phase resonance, and the phase lab uses it as ingredient of some powerful weaponary technologies. But the rumors doesn't affect the fact that it's a good ship, and it indeed is a successful destroyer on market",,,,
dpl_flugelhorn,SHIP,"Hymn is a mature integrated weapon system developped by the phase lab. It was one of the first works of the phase lab, made in the early days far before the persean sector was colonized. Its working principle is simple: use great amount of energy to run pair production process, then use a cyclotron to combine huge amount of electrons and positrons produced in the pair production into positronium particles, store those positronium particles in phase cavities to build up the density, then fire all those particles at enemy in short time. When the positroniums hit target, the positron would undergo annihilation to make energy damage, while the electrons could cause charge gradient to disturb shields. It can't be made into a portable weapon system, because it requires 70% of the energy generated by a capital ship reactor to power up, and so it's only mounted on battleships specially designed to carry this weapon.",,,,
dpl_flumpet,SHIP,"Flumpet is a commercial warship designed by the phase lab, it's an alternation of Trumpet. The phase lab removes the whole battle module on Trumpet, and replaced it with two fighter bays and defensive turrets. It's a fantastic light carrier that can cooperate with smaller ships, but it's very fragile when its shields are down.",,,,
dpl_cornet,SHIP,"Cornet is a special 'anti-submarine' destroyer developped by the phase lab. It has integrated tremolo weapon system, and it is equipped with the phase burst system to deal with phase ships effectively. The cost is that it only has very small spaces left for shield and armor, but the phase lab equipps it with the best millitary grade shield to alleviate this problem.",,,,
dpl_clarinet,SHIP,"Clarinet is an experimental product of the phase lab, she is a test platform for the energy torpedo system called 'Gungnir'. She has integrated phase coils for protection, but her armor is very limited as both Longinus weapon system and the integrated phase coils take the place of armor. Nonetheless, her excellant strike ability will cover and exceed such minor cost for sure.",,,,
dpl_baritone,SHIP,"Baritone is a commercial warship designed by the phase lab. The phase lab gives it the state of the art accelerated energy injection system to make it provide good fire support. Its primary role is to cooperate with the fast destroyers in the fleet to capture strategically important locations, and then provide fire support to defend these locations.",,,,
dpl_trombone,SHIP,"Trombone is a commercial warship designed by the phase lab. She has two medium fighter bays, but only has very limited point defence weapon slots. She is a fantastic fleet carrier as long as it stays behind the battle line, but if the enemy gets too close to her, she has the amazing ability to deploy all reserved wings in emergency situation to give a fight.",,,,
dpl_mellophone,SHIP,"Mellophone is a commercial warship designed by the phase lab. She is a complete alternation to the phase lab's domain-issued lab transport. The phase lab installs mega positronium linac (linear accelerator) and advanced optic systems using the secured cargo space. These equipments takes up surprisingly large space, and the reward is great: mellophone becomes the platform that could unleash the full power of tremolo weapon system.",,,,
dpl_persean_express,SHIP,"Persean express is an armed freighter designed by the phase lab, and she is free from phase technologies (so her name has nothing to do with instruments). She was designed after research site V had been established, as the answer from the phase lab to the endless pirate raids on the mercenary convoys, and to fill in the empty spots of transport ships left by the dismantled lab transports. Though she carries less cargo, she is faster and better armed, and she is the main freighter used by the phase lab mercenary convoys these days.",,,,
dpl_euphonium,SHIP,"Euphonium is a special 'anti-air' heavy cruiser designed by the phase lab, and she uses the phase lightning cannon as her main weapon. She has a large charge generating module to support all the phase lightning cannons onboard, and as a draw back, her armor is quite compromised.",,,,
dpl_bassoon,SHIP,"Bassoon is an experimental product of the phase lab, she is a test platform for the weapon system called 'Longinus'. Due to the fact that Longinus system causes so much energy to power, fire, and cooldown, integrated phase coil is not applicble for her. So only ordinary phase coil and very little armor are installed, making her a quite vulnerable ship.",,,,
dpl_tenoroon,SHIP,"Tenoroon is the sccessor of bassoon, the Longinus system is removed, and her power supplies are used to support large energy weapons. The phase lab also installs the integrated phase coils on her to make her a deadly silent hunter. She is a highly sophisticated and expensive ship, and so only the most wealthy commanders could afford one in their fleets.",,,,
dpl_lab_transport,SHIP,"A huge transport ship with its design name classified by the domain of man navy, its recorded information suggests that it's referred to by the name 'lab transport'. And it contains a warning message issued by the domain of man navy: the lab transport is the domain of man naval force approved interstellar transport that solely serves the transport missions ordered by the domain phase lab, any violations to the ship's safety will be recognized as hostilities against the domain of man navy, and responded by appropriate millitary operations. Due to information restriction policies, this is the only transport ship that the domain phase lab has access to. Even though this warning probabily isn't useful at all after the collapse, this ship still has domain-taste heavy armor and burn drive to survive under enemy fire powers.",,,,
dpl_lion_anthem,SHIP,"The Lion Anthem is a new special modification of the Pegasus-class hull developped by the Lion's Guard, it is equipped with the experimental built-in weapon called 'anthem'. Even the Lion's Guard doesn't know the details about the development of this ship, and there are rumors saying that this ship is designed by the Grand Executor himself, and he finished it in one single month. Strangely, since this ship was delivered to the Lion's Guard, the Sindrian Diktat began to regularly import scientific equipments from the Phase Lab. Nonetheless, this ship makes another fine and terrifying sight in the skies of the Askonia system  ",,,,
dpl_onslaught_alt,SHIP,"The Phase Lab Onslaught is the result of the recovery efforts made by the phase lab engineers when they were trying to recover the half-lost data of onslaught blueprint when they arrived in the sector. the engineers tried their best to recover the data in the blue print, but was only able to recover the designs of the ship hull, the armor, and the side weapon slots. The information about the weapon slots in the middle part was completely lost, together with designs of the engine and shield system. The engineers of the phase lab then added the slots information back according to their cruiser school understanding of naval battles: this ship has to deal as much damage as possible before it blows up, and so the engineers adds many energy weapon slots back to make this belief work. The phase lab also adds the state of the art propulsion system back, together with more flux vents to make the ship more powerful.",,,,
dpl_saxophone,SHIP,"The saxophone is one of the few early phase lab designs that were successfully recovered when the phase lab arrived in the sector. She was designed to be a battle cruiser, as the cruiser school was popular at that time. The phase lab designed a magnificent built in weapon system that fires positrons and electrons, which could cause energy damage and disrupt shields, it ws called 'hymn'. The domain navy was highly interested in the military potential of such weapon, and ordered the phase lab to make a such a design. The saxophone is the result: a battle cruiser that sacrificed defence, but equipped with the hymn system, most advanced targeting core in the domain navy at that time, and the plasma cores to facilitate pair productions. As a byproduct, the plasma core onboard could couple with the beam weapons to disrupt the shields, causing hard flux build-up. But the hymn system and the plasma core also disrupts the ship'sown shield, resulting in bad flux/damage efficiency.",,,,
dpl_sarrusophone,SHIP,"The sarrusophone is a new design made by the phase lab after the establishment of research site V. The Phase Lab navy needed a ship that has stronger firepower than saxophone but faster than aulochrome, to serve as the firepower source of fast fleets when countering large scale pirate armadas and terrorism attacks. And so sarrusophone is the result, she has more concentrated frontal turrets, and a lot of defensive turrets to deal with fighter attacks. The phase lab also installed a hymn weapon system to strengthen her assult power, at the cost of weakening her shield strength.",,,,
dpl_aulochrome,SHIP,"The aulochrome is one of the few early phase lab designs that were successfully recovered when the phase lab arrived in the sector. She was designed at the same time as conquest when the cruiser school was a popular idea in the domain navy, and she was designed to be a 'fast battleship', a capital ship that has better firepower than battle cruisers and higher speed than battleships. The phase lab designed a built in emergency forge system that stores nanoforge particles using the phase space, and this system allows battle ships to be reconstructed for once in the middle of space battles. The domain of man navy was highly interested in the military potential of such system, and started cooperation of designing this warship with the phase lab. Aullochrome is the result: a deadly and fast battleship equipped with the emergency forge system. Domain navy also installed the best targeting core and military shield they could offer at that time on the ship. She served as the flagship in the phase lab escort fleets during the deployment of the phase lab to the persean sector.",,,,
dpl_cimbasso,SHIP,"The cimbasso is a a dreadnought-sized fortress carrier designed in the very early days of the phase lab, her phase-enhanced shield system is very special: by disabling the weapons and directing all the fluxes generated when the shield takes damage into a torus of phase cavities, the flux/damage efficiency could be diminished at the cost of slowly generated hard flux from the phase cavities. Unfortunately, after the ramming of the redacted drone ship, the blue print for the original design of cimbasso was partially lost, but its shield design was recovered. The the phase lab engineers took the chance to recover the blueprint as an opportunity to make improvements: they came up with ideas to utilize the flux energy trapped in the phase cavity torus: to release the heat and generate thermal electricity, and use those electric charges to power phase lightning cannons mounted on the circuit. The result of this recovery, or improvement, is the cimbasso design nowadays.",,,,
dpl_oracle,WEAPON,"Oracle is one of the most advanced creation ever made by anything in the sector, its possibility to exist is already beyond imagination. Though it takes extremely long time to prepare all the plasma needed to charge up, the cost is always worthy for bringing the ultimate lightning down to the earth. Its creation begins when the phase lab tries to improve longinus, but soon they discover that the amount of energy compressed into the phase glube is limited by the volume of the phase glube. So the phase lab constructed a micro version of a star gate to maintain a capital ship sized gigantic phase cavity. Then the phase lab compresses crazy amount of dense plasma into the cavity, and eventually there is a micro version of a star forming inside the phase cavity. Finally, the phase lab builds a micro version of cronal hypershunt to extract huge plasma streams out of this micro star in the phase cavity. At this stage the phase destabilization is not important anymore, for the super hot plasma stream is already deadly enough by itself.",,,,
dpl_theater_organ,SHIP,"The theater organ is the physical presence of the weapon system Oracle. It's literally a combination of micro star gate, micro coronal hypershunt, plsma cavities, and so on, with a huge engine. The micro star gate acts as a gigantic phase cavity, it's also the gate connecting the physical world and the phase space, so it serves as a huge phse coil for the ship, with longer time to cooldown than normal ones. The phase lab would not be able to build another one of the ship, and so they leave some medium weapon slots for point defences, providing extra defence power.",,,,
dpl_acausal_shock,WEAPON,"An impossible experimental weapon system that was produced before the phase lab was deployed to the persean sector. It uses causal principles to create phase shocks that can overload power grids. In simple words, it disrupts the phase space structure, like manually creating an earth-quake in the phase space, by forming resonance with the scope of phase space near this weapon and pumping energy into the phase space to extend the hidden micro-dimensions. Then the created extra dimensions will collapse due to their unstable nature, creating an anomaly called phase shock, and would generate incredible amount of zero point energy with flux. The creation and elimination of the extra dimensions depends heavily on the causal structures of the space-time continuum, and so this weapon is called causal shock emitter. ",,,,
dpl_phase_mg,WEAPON,"An impossible experimental weapon system that was produced before the phase lab was deployed to the persean sector. It uses causal principles to create phase lightnings with extremely low flux generation. In simple words, it is the ""flux vent"" for the causal shock emitter, it just needs to generate some flux to direct the energy generated when causal shock emitter disrupts the phase space structure, and then it can simply release these energy without generating any flux. The energy released would generate phase lightnings, and that's why it's called causal lightning emitter.",,,,
dpl_agolo_I,SHIP,"Agolo is a mature light fighter developped by the phase lab. It has a built-in phase lightning emitter as its weapon system. It sacrifices most of the defence in order to make the space for this weaponary system, but it could still be a good class of interceptor as it could easily outnumber enemy fighters and missiles.",,,,
dpl_agolo_II,SHIP,"Double Agolo is the successor of Agolo. The phase lab greatly enlarged the hull, so that two lightning emitters can be installed. It also gets a shield emitter for better defence. But it requires more logistic communication bandwidth to command, and so comparing to agolo, its squadron size is greatly reduced.",,,,
dpl_marimba_I,SHIP,"The design of Marimba started not far before the Collapse, similar to when Cobra was designed. The phase lab used their access to view the rejected proposal of Cobra, and they were enlightened. They realized that the idea of anti-capital torpedo bombers could be further developped, leading to a general class of bomber that could carry phase lab experimental weapons. This bomber would be a good general purpose experimental platform in hands of the Phase Lab, and its weapons could also be modified to serve many different roles in the domain navy. Then the Collapse happened, and the phase lab had to postpone this design until they settled down in the sector. Nonetheless, the phase lab still gives the grammophone torpedo system to this bomber, and put it on market, to compete with trident, and it turns out to be a success afterall.",,,,
dpl_marimba_II,SHIP,"Marimba Mk.II was an alternative design based on the design of Marimba. The phase lab created this design based on the reviews about Marimba they received from market. The buyers opinions reflected that it would be nice if the damage of the Grammophone torpedo could be further improved. And so as the answer, the Phase Lab installed Phonograph torpedo system on the bomber. Though such idea looks crazy, the Marimba Mk.II bomber actually turns out to be popular on the market. And so the phase lab continues to produce this fighter, making it a mature product.",,,,
dpl_choir,SHIP,"Choir is an anti-capital fighter design made by the Phase Lab in the recent decade. The Phase Lab designed this fighter to make it possible for mass productions in local factories of the sector. There are rumors that the Phase Lab stole the idea of this design from the Persean League. Nonetheless, this class of fighter plays an important role in the Phase Lab navy and the Persean League navy.",,,,
dpl_siren,WEAPON,"Siren is a DEM missile that fires gamma ray developped by the Phase Lab. The main difficulty to make this design is how to store high concentration electrons and positrons in the missile body. The Phase Lab made a breakthrough in finding such materials, and so this design becomes real.",,,,
dpl_panpipes,SHIP,"Panpipes is a state-of-the-art phase cruiser designed by the Phase Lab. Its design was finished in the recent decade. It's so young that the Phase Lab didn't have enough time to put its information into the CODEX yet. It has a unique ship system that can induce large scale high frequency motes, and the ship is designed to operate this system. The working principle of the system is extremely complicated, and even the most gifted hyper-physicists in the sector could not fully understand how it works. There are rumors that rear admiral Lovelace made this system to work by using some mysterious measurements of abyssal lights. Currently the ship is only available to Phase Lab researchers as experimental platforms, but with more time, it might thrive in the Phase Lab Navy.",,,,
dpl_orchestra,SHIP,"Orchestra is an engineering miracle, it's a super-capital that fights like a moving star fortress. It's the result of a joint production treaty made by the Phase Lab and an extremely young faction that doesn't exist before C+206. And its design was finalized in a cooperation between these two factions. It represents a possibility of deep cooperations based on friendship and trust in this brutal sector. The presence of this ship is like a star in the dark universe, not bright enough to light up the sky, yet significant enough to give people hopes.",,,,
dpl_orchestraB,SHIP,"Orchestra is an engineering miracle, it's a super-capital that fights like a moving star fortress. It's the result of a joint production treaty made by the Phase Lab and an extremely young faction that doesn't exist before C+206. And its design was finalized in a cooperation between these two factions. It represents a possibility of deep cooperations based on friendship and trust in this brutal sector. The presence of this ship is like a star in the dark universe, not bright enough to light up the sky, yet significant enough to give people hopes.",,,,
dpl_orchestraC,SHIP,"Orchestra is an engineering miracle, it's a super-capital that fights like a moving star fortress. It's the result of a joint production treaty made by the Phase Lab and an extremely young faction that doesn't exist before C+206. And its design was finalized in a cooperation between these two factions. It represents a possibility of deep cooperations based on friendship and trust in this brutal sector. The presence of this ship is like a star in the dark universe, not bright enough to light up the sky, yet significant enough to give people hopes.",,,,
dpl_piano,SHIP,"Piano is an experimental phase capital developped by the Phase Lab. Its design is greatly inspired by the design of panpipes, and it's equipped with the notes system. This ship was designed and constructed under the command of the Phase Lab's Security Department Chair at that time, flotilla admiral Nelson Bonaparte, to serve as the flagship of the security department special task forces. It's a miraculous ship, its mission is to take out extremely dangerous enemies of the Phase Lab, and to fight efficiently when being badly outnumbered. There was only one prototype getting produced before rear admiral Lovelace stopped further constructions of this ship, and romors are that the prototype was completely destroyed in an accident that also took away the life of Nelson Bonaparte. But no one had ever seen the prototype anyway, and so no one would know whether the rumor is true.",,,,
dpl_song_of_time,WEAPON,"""Since I went into the pod, I had a strange feeling, like merging into the Phase Space, but I heard a music, an exotic music that I have never heard before. In the music, I hear the cries of the first stars in the universe, I see those countlessly many possible futures of the worlds, and I feel all at once. Is this the curse of closed time-like curve, or is it the blessing? Am I dreaming, or is it real? At least, let me try to listen more carefully, maybe one day, we could play this music.""",-Captain Eliza Lovelace's diary in decade C+40,,,
dpl_song_of_dimension,WEAPON,"""Memory Change. Source: Self.
Entry: 'What is reality, I don't believe that the particles, and the interactions through the Higgs field defines reality. The concept of reality should be, I guess, more transcendental.' 
Processing. ERROR: Definition Entry Missing: 'Reality'. Waiting for Response.
Entry: 'I mean, I think it should be the living people that define reality, though I do not know exactly how.'
Processing. Belief Recorded. Possible Definitions Generated.
Memory Updated.""",-Unknown Log in the Classified pod,,,
,,,,,,
dpl_security,CUSTOM,"Lab Security Department was founded after the Research Site V Crisis in C+196. After the crisis, the Phase Lab found it necessary to recovr its escort fleets for military protections. This sector is not a peaceful place, even the Phase Lab has completely no interest in attacking any factions or harming any people, the Phase Lab still needs a highest fleet command to organize system defences and anti-terrorism operations. As an interesting historical fact, the cryoengine installed on this planet was actually the fleet logistics core on the flagship of the entire Phase Lab transport fleet, it protected the Phase Lab transport fleet in its journey for centuries in the past, and it will protect the Phase Lab for other centuries to come.",,,,
dpl_fuel_storage,CUSTOM,"Lab Fuel Storage was founded shortly after the Research Site V. The phase lab needed a colony to provide fuel support for its fleet actions, transportations, and communications with the core worlds. The phase lab installed its only synchrotron core carried by the transport fleet on this planet, to make use of its extremely rich volatile deposits.",,,,
dpl_research_site_v,CUSTOM,"Research Site V is the first colony established by the phase lab in year C+195 after their great battle with the drone ship elimination fleet. It was founded before the faction was born, and even before the system got its name. The planet used to be a tundra world, and also an eliminated base with unknown owner. The Phase Lab started terraforming project to manipulate global climate using the domain technology and stellar mirrors they carried with their fleet, and awakened the hundreds of millions of cryosleepers that were deployed to the persean sector to protect and support the researches of the Phase Lab. The V in its name stands for Vasiliev, in memorial to the former chief researcher, rear admiral Vladimir Vasiliev, who sacrificed his life to fight the drone fleets a century ago, so that the Phase Lab transport fleet could retreat safely and continue its journey to the persean sector.",,,,
dpl_research_site_v_moon,CUSTOM,"This planet is the moon of Research Site V, and so the Phase Lab named it Research Site V Moon. It is a small rocky plnet with extremely rich deposit of metal, rare metal, and volatile unstable isotopes that could be used to produce fuels. The colonization of Research Site V Moon started soon after Research Site V was founded, and its main purpose is to support the growth and construction projects on Rsearch Site V. ",,,,
dpl_factory,CUSTOM,"Lab Factory was founded after the Research Site V Crisis in year C+196. After the Phase Lab and the Persean League made their treaty of peace and friendship, the phase lab seeked to enlarge its scale of their heavy industry. To support recovery of the escort fleets that would provide military protection, and to support supplies, ships, and equipments needed by the research projects. And so this planet with huge deposit of metals and rare metals was chosen to fill in this role.",,,,
dpl_metallurgy_plant,CUSTOM,Lab Metallurgy Plant was founded after the Lab Factory. The phase lab recognized that the metal plates produced from the small metallurgy plant on Lab Security Department was not enough to support the growing heay industries. And so the phase lab colonized a barren planet with no atmosphere to develop metallurgy industries.,,,,