{
	# should be a copy of "combatSmall", minus variants that are annoying to fight in low numbers
	# for example, no Hyperions or fast beam-based kiting loadouts, or ships with damper field
	"combatSmallForSmallFleet":{
		"dpl_bugle_attack":1,
		"dpl_bugle_escort":1,
		"dpl_ophicleide_escort":1,
		"dpl_ophicleide_standard":1,
		"dpl_trumpet_elite":1,
		"dpl_trumpet_standard":1,
		"dpl_flugelhorn_assult":1,
		"dpl_flugelhorn_elite":1,
		"dpl_flugelhorn_escort":1,
	},
	"combatSmall":{
		"dpl_bugle_attack":1,
		"dpl_bugle_escort":1,
		"dpl_ophicleide_escort":1,
		"dpl_ophicleide_standard":1,
		"dpl_trumpet_elite":2,
		"dpl_trumpet_standard":2,
		"dpl_flugelhorn_assult":1,
		"dpl_flugelhorn_elite":1,
		"dpl_flugelhorn_escort":1,
		"dpl_cornet_assult":1,
		"dpl_cornet_elite":1,
	},
	"combatMedium":{
		"dpl_baritone_attack":1,
		"dpl_baritone_standard":1,
		"dpl_mellophone_assult":1,
		"dpl_mellophone_standard":1,
		"dpl_hydraulis_elite":1,
		"dpl_hydraulis_standard":1,
		"dpl_calliope_attack":1,
		"dpl_calliope_elite":1,
	},
	"combatLarge":{
			"dpl_euphonium_AA":5,
			"dpl_euphonium_elite":1,
			"dpl_tuba_assult":5,
			"dpl_tuba_elite":5,
			"dpl_pioneer_standard":1,
	},
	"combatCapital":{
			"dpl_sousaphone_elite":2,
			"dpl_sousaphone_standard":2,
			"dpl_saxophone_standard":1,
			"dpl_saxophone_elite":1,
			"dpl_onslaught_alt_assult":2,
			"dpl_onslaught_alt_elite":2,
			"dpl_aulochrome_flagship":1,
			"dpl_aulochrome_sector":1,
			"dpl_sarrusophone_standard":1,
			"dpl_sarrusophone_assult":1,
			"dpl_jazzophone_elite":1,
			"dpl_jazzophone_standard":1,
			"dpl_orchestra_flagship":1,
			"dpl_orchestraB_flagship":1,
			"dpl_orchestraC_flagship":1,
			"dpl_lion_anthem_elite":1,
			"dpl_lion_anthem_standard":1,
	},
	
	
	# hybrid ships with good combat and cargo capacity
	"combatFreighterSmall":{
	},
	"combatFreighterMedium":{
		"dpl_persean_express_armed":1,
	},
	"combatFreighterLarge":{
	},
	
	"civilianRandom":{
	},

	# carriers
	"carrierSmall":{
		"dpl_flumpet_assult":1,
		"dpl_flumpet_elite":1,
	},
	"carrierMedium":{
		"dpl_trombone_elite":2,
		"dpl_trombone_standard":2,
	},
	"carrierLarge":{
		"dpl_cimbasso_assult":1,
		"dpl_cimbasso_fortress":1,
	},

	# phase ships
	"phaseSmall":{
		"dpl_harmonica_elite":1,
		"dpl_harmonica_standard":1,
		"dpl_piccolo_elite":2,
		"dpl_piccolo_assult":2,
		"dpl_flute_attack":2,
		"dpl_flute_elite":2,
		"dpl_oboe_standard":1,
		"dpl_oboe_elite":1,
	},
	"phaseMedium":{
		"dpl_tenoroon_assult":1,
		"dpl_tenoroon_standard":1,
		"dpl_tenoroon_elite":1,
		"dpl_panpipes_standard":1
	},
	"phaseLarge":{
	},
	"phaseCapital":{
	},

	# freighters and such
	"freighterSmall":{
	},
	"freighterMedium":{
		"dpl_persean_express_transport":5,
	},
	"freighterLarge":{
		"dpl_lab_transport_ft":1,
		"dpl_lab_transport_transport":1,
	},
	
	"tankerSmall":{
	},
	"tankerMedium":{
	},
	"tankerLarge":{
		"dpl_lab_transport_ft":1,
		"dpl_lab_transport_transport":1,
	},
	
	"personnelSmall":{
	},
	"personnelMedium":{
	},
	"personnelLarge":{
	},
	
	"linerSmall":{
	},
	"linerMedium":{
	},
	"linerLarge":{
	},
	
	# utility ships
	"tug":{
	},
	"crig":{
	},
	"utility":{
	},
	
	"orbitalStationLowTech":{
	},
	
	"battlestationLowTech":{
	},
}
